Distribution account,January 2024,February 2024,March 2024,April 2024,May 2024,June 2024,July 2024,August 2024,September 2024,October 2024,November 2024,December 2024,January 2025,February 2025,March 2025,April 2025,May 2025,June 2025,July 2025,August 2025,September 2025,October 2025,November 2025,December 2025,Total
Income,,,,,,,,,,,,,,,,,,,,,,,,,
Sales,,,,,,,,,,,,,,,,,,,,,,,,,
Amazon,867.57,7.73,1204.36,2732.62,2318.49,3805.02,557.1,478.43,1385.18,1255.35,1652.87,5407.32,827.56,164.85,,1544.73,333.41,1839.68,1000.92,1162.95,1055.7,1967.09,2053.42,11937.13,51211.799999999996
Other Sales Income,,,,,,567.24,409.88,138.92,167.46,90.45,115.18,133.42,41.32,32.26,3.8,162.82,314.42,281.77,94.87,223.95,238.1,374.46,3000.09,26292.49,36337.85
PayPal,25506.19,19580.73,25716.98,28764.89,18751.54,24885.66,23680.32,14876.9,17388.59,16604.13,15922.06,20792.55,10962.43,12355.57,20714.07,18382.42,18306.98,16659.85,14180.35,10673.44,11072.67,11839.01,10906.94,848.01,409372.2799999999
Retail,2444.5,1840.9,7459,,1933.5,,9607.38,874.92,4142.21,,,,,,,,,3827.24,2199,297.67,1547.73,789.51,2257.73,,39221.29
Shopify,96112.82,107402.26,128222.73,130856.15,111288.62,125881.04,119220.36,86138.83,103261.89,90549.01,96719.42,103564.91,79608.24,82860.16,118715.75,109025.64,108762.49,125807.04,122086.47,100643.06,82193.21,74234.59,90815.78,111425.1,2583061.9599999995
Stripe,31925.44,27853.67,30907.8,29186.02,32174.92,25952.85,21401.97,22640.62,20640,23671.67,21628.17,22262.62,19514.72,12417.46,20113.9,20598.97,19881.03,18692.76,18186.99,15262.69,14640.85,15082.69,12597.44,15208.71,523603.9700000001
Total for Sales,156856.52,156685.28999999998,193510.87,191539.68,166467.07,181091.81,174877.01,125148.62,146985.33000000002,132170.61,136037.7,152160.82,110954.27,107830.29999999999,159547.52,149714.58000000002,147598.33000000002,167108.34,157748.59999999998,128263.76,110748.26000000001,104287.35,121631.4,165711.44,3642809.15
Total for Income,156856.52,156685.28999999998,193510.87,191539.68,166467.07,181091.81,174877.01,125148.62,146985.33000000002,132170.61,136037.7,152160.82,110954.27,107830.29999999999,159547.52,149714.58000000002,147598.33000000002,167108.34,157748.59999999998,128263.76,110748.26000000001,104287.35,121631.4,165711.44,3642809.15
Cost of Goods Sold,,,,,,,,,,,,,,,,,,,,,,,,,
Cost of Goods Sold,,,,,,,,,,,,,,,,,,,,,,,,,
Apparel,,,,,670.5,492,683.43,852.28,875.49,779.15,477.49,1309.66,777.86,891.15,1029.34,853.29,666.91,587.11,720.54,713.11,1061.08,1048.62,86.68,771.18,15346.870000000003
Freight,250.23,4381.9,6771.74,630.62,165,525,6346.72,250,101.27,4659.7,276.95,,3351,242.67,968.88,7767.7,1206,45,189.65,5558.58,5388.81,960,,3638,57035.42
Inventory Purchases,,,,,,,,,,,,,,,,,,,,,,,,,140080.99
Mailer Items,2997.69,2937.82,665.52,570.26,2737.17,5189.12,2661.99,,1824.06,3090.38,3709.32,1977.09,,2779.24,2847.5,4975.2,3440.33,2275.33,2331.59,2275.33,,2992.46,1960.7,2113.7,62105.24999999999
Other Costs of Services - COS,865.45,2097.55,,94.42,,,60.68,,17.11,376.95,,,1000,2439.76,2289.48,693.96,2276.54,,2016.99,,,2749.84,739.47,,17718.200000000004
Product Sold,66292.42,48828.99,58707.65,49493.37,67629.46,49760.38,52067.39,36163.07,36107.24,41855.67,47684.77,64137.76,29778.76,26385.59,42942.67,35634.2,41516,39458.19,36881.17,33058.51,27753.26,30015.9,28960.27,44040.3,1035152.9900000002
Supplies & materials,,,1091.05,-4223.68,2255.1,,,,,,,,,,,1170.08,1624.4,,1340.6,3285.31,775.38,4459.26,6691.35,7016.5,25485.35
Warehouse Service,16548.35,7983.82,6139.18,9513.81,7253.6,8921.65,9998.22,5491.29,5948.63,7256.54,6688.38,6530.03,6243.21,6080.18,6997.25,9770.69,4865.29,6739.81,6974.09,3988.41,5535.16,6766.29,5466.97,9957.04,180853.04000000004
Wharehouse Supplies,951.38,,,959.69,714.66,980.37,,,960.04,,,,,,,,,,,,,,,,4566.139999999999
Total for Cost of Goods Sold,87905.51999999999,66230.07999999999,73375.14000000001,57038.490000000005,81425.49000000002,65868.52,71818.43,42756.64,45833.84,58018.39,58836.909999999996,73954.54000000001,41150.829999999994,38818.59,57075.119999999995,60865.119999999995,55595.47,49105.44,50454.630000000005,48879.25,40513.69,48992.37,43905.44,67536.72,1538344.2500000002
Shipping,,,,,,,,,,,,,,,,,,,,,,,,,
DHL,8380,13550.91,,,,,,,,,,,,,,,,,,,,,,,39863.119999999995
Fedex,5173.54,43569.41,16653.13,22664.88,28479.45,24566.06,21401.48,24605.1,18999.72,21946.23,17612.66,18701.16,22135.23,16803.49,21605.12,23246.19,24147.18,24076.26,27288.93,21236.28,16608.63,17789.7,10965.86,12137.37,502413.06
Shipstation,159.99,159.99,,,,,,,,,,,,,,,,,,,,14.99,39.99,264.99,649.95
Stamps and USPS,921.94,3619.99,6449.24,5700,3600,9545.99,5900,5885.89,4221.94,4748.2,4021.94,7496.94,4021.94,4621.94,6339,8023.04,6023.04,6023.04,6064.66,6476.48,6041.51,6040.99,5000,13900,141409.64999999997
Total for Shipping,14635.470000000001,60900.3,23102.370000000003,28364.88,32079.45,34112.05,27301.48,30490.989999999998,23221.66,26694.43,21634.6,26198.1,26157.17,21425.43,27944.12,31269.23,30170.22,30099.3,33353.59,27712.76,22650.14,23845.68,16005.85,26302.36,684335.78
Total for Cost of Goods Sold,102540.98999999999,127130.37999999999,96477.51000000001,85403.37000000001,113504.94000000002,99980.57,99119.90999999999,73247.63,69055.5,84712.82,80471.51,100152.64000000001,67308,60244.02,85019.23999999999,92134.34999999999,85765.69,79204.74,83808.22,76592.01,63163.83,72838.05,59911.29,93839.08,2222680.0300000003
Gross Profit,54315.53,29554.90999999999,97033.35999999999,106136.30999999998,52962.12999999999,81111.23999999999,75757.10000000002,51900.98999999999,77929.83000000002,47457.78999999998,55566.19000000002,52008.17999999999,43646.270000000004,47586.27999999999,74528.28,57580.230000000025,61832.640000000014,87903.59999999999,73940.37999999998,51671.75,47584.43000000001,31449.300000000003,61720.10999999999,71872.36,1420129.12
Expenses,,,,,,,,,,,,,,,,,,,,,,,,,
Advertising & marketing,,,,,,,,,,,,,,,,,,,,,,,,,
AirTable,,,,,,,,,,24,,,,,,,,,,,,,,,24
Content Creation,,,,,,,,,,,,,,,,,,,,,,,,,
Debos Fishing,,,,,,,,,,,,,,,,,,,,,,,,,1000
Edward Arthur,1100,100,100,100,100,100,100,100,100,100,100,100,100,100,100,100,,,,,,,,,2600
Hammer Time,1000,1000,1000,1170,1000,1000,750,1000,,,,,,,,,,,,,,,,,8920
James LoDuca,1000,1000,1000,1000,1000,1000,1000,1000,,,,,,,,,,,,,,,,,8000
Jeremy Francis,400,400,400,400,400,900,400,400,400,400,400,400,400,400,400,400,400,,,,,,,,7700
Michael Meisenheimer,,1250,1250,1250,1250,2500,1250,1250,1250,1250,1250,1250,1250,1250,1250,1250,1750,1250,1250,1250,1250,1250,1250,1250,31750
Paul Glass,,,,,,,,,,,,,,,,,,,,,,,,,625
Shane Park Media,,,,,,,,,1500,1500,1500,1500,1500,1500,1500,1500,1500,1500,1500,1500,1500,1500,1500,1500,24000
Wishiwazfishin,416.67,416.67,416.67,416.67,416.67,416.67,416.67,416.67,416.67,416.67,416.67,416.67,,,,,,,,,,,,,5416.71
Total for Content Creation,3916.67,4166.67,4166.67,4336.67,4166.67,5916.67,3916.67,4166.67,3666.67,3666.67,3666.67,3666.67,3250,3250,3250,3250,3650,2750,2750,2750,2750,2750,2750,2750,90011.70999999999
Elevar,,,,,,,350,350,350,350,350,350,350,350,350,350,350,350,350,350,350,350,350,350,6300
Facebook,5796.13,6436.09,4679,7766.46,8339.81,8361.21,5166.07,15608.9,18027.16,16306.77,13400.95,11805.24,8759.87,12799.06,11980.47,15419.73,13334.84,12324.58,11370.77,8200.53,8021.38,6298.34,6769.57,6287.97,249807.12
Google,8767.41,10111.39,15372.35,14330.92,12559.9,14737.11,16874.49,6514.91,4895.85,4876.55,7961.37,12331.54,9041.53,11560.62,15408.11,12240.88,14587.86,14356.88,15058.92,13030.18,6459.07,7271.28,7997.36,13976.42,270322.89999999997
LinkTree,9,9,9,9,9,9,9,9,,,,,,,,,,,,,,,,,72
Motion Creation Cloud,,,,,,,,,,250,250,,500,250,250,250,250,250,250,250,250,250,,,3250
Orange Carrot,250,250,250,250,250,250,250,250,500,250,,250,250,250,250,250,250,250,250,250,,,,,5000
Other,,,,,,,,700,3000,2250,1450,,,,,,,,,1000,,,,,8400
Post Pilot,,,,,,,499,499,1395.7,-1497,,,,,,,,,,,-499,,,,397.6999999999998
Reddit,,874.21,1667.99,1093.33,89.79,,,,,,,,,,,,,,,,,,,,3725.3199999999997
Render,,,,,,,,,,8.64,,14,14,14,14,14,14,14,14,14,14,14,,18.07,180.70999999999998
ShareASales,,25.95,200,23.85,,,,,,,,,,155,119.91,,,,,,,,,,524.7099999999999
Tik Tok,,,,,,,,,,,,,,,,,,,,,50,4011.74,8757.01,9761.89,22580.64
Trade Shows,,1648,8038.1,,,,,,,,,,4000,,,,,,1000.89,,,,,918,15604.99
Website Expenses,,,,,,,,,,,,,,,,,,,,,,,,,
3PL,243,174,,,,,,,,,,,,,,,,,,,,,,,417
Amped,200,200,200,200,200,200,200,200,200,,,,,,,,,,,,,,,,1800
BOIR.Org,,,,,,,,,,,149,,,,,,,,,,,,,,149
Churnbuster,349,349,349,349,349,349,349,,,,,,,,,,,,,,,,,,2443
Dynamic Web,607.37,122.48,175.23,314.18,213.77,214.88,49.46,,,,,,,,,,,,,,,,,,1697.37
Ecamm,39.99,39.99,39.99,39.99,39.99,39.99,39.99,39.99,39.99,39.99,39.99,39.99,,,,,,,,,,,,,479.88000000000005
GoDaddy,74.1,153.81,333.91,57.93,245.87,88.29,57.93,633.21,13.98,225.67,137.43,55.93,78.1,218.32,293.59,100.27,247.69,259.81,64.14,329.59,41.95,188.72,114.53,41.95,4056.72
IPINFO,49,49,49,49,49,49,49,,,,,,,,,,,,,,,,,,343
Klaviyo,1441.95,1421.95,1401.95,1421.95,1401.95,1421.95,91.95,1231.95,1140,1140,1140,1140,1140,1140,1425,1425,1425,1480,1480,,1990,4011.72,322,2444.5,32678.820000000003
Live Recover,99,99,373.77,355.42,387.41,349.15,406.93,312.92,280.34,242.94,279.99,271.77,297.13,243.69,129.53,172.48,134.52,-99,,,,,,,4336.99
Mailchimp,,,,,,,,,170,170,170,170,170,170,170,170,170,,,,,,,,1530
Other,55,75,244,300.21,274.99,487.22,237.22,1399.51,420.99,282.22,474.1,262.22,881.22,714.1,282.22,852.83,282.22,337.67,302.57,282.22,388.45,322.17,279.1,321.22,9758.670000000002
Shopify,9505.23,12059.39,6951.65,9508.03,7030.37,10268.14,10816.03,8358.98,8266.83,5251.05,5039.23,5055.32,4821.8,4742.58,5272.42,5259.63,5118.93,5459.6,5296.17,4979.73,4935.1,4830.5,5063.2,5230.61,159120.52000000005
Slack,85.52,77.05,78.75,78.75,78.75,78.75,78.75,78.75,78.75,88.67,87.5,87.5,77.34,86.65,95.94,75.92,79.91,78.75,,,78.75,89.25,89.24,93.91,1823.1500000000003
StartEngine,,,,760,20,,,,620,,,620,,,,,,,,,,,,,2020
Sweepwidget,29,29,29,29,29,,,,,,,,,,,,,,,,,,,,145
Trello,69.5,62.5,125,62.5,62.5,62.5,62.5,62.5,62.5,82.92,75,75,75,75,75,75,75,75,75,75,75,75,75,75,1764.92
Typeform,35,35,35,35,35,35,35,35,35,35,35,35,35,35,35,99,99,99,99,99,99,99,99,99,1416
Yotpo,3406.46,3406.46,6812.92,3406.46,1703.23,1703.23,3422.94,3406.46,,1277.92,1677.92,-7433.92,952.75,1458.5,2602.62,8004.51,4802.09,3277.92,2277.92,2277.92,3142.92,3650.74,1277.92,1277.92,57793.809999999976
Total for Website Expenses,16289.119999999999,18353.629999999997,17199.17,16967.420000000002,12120.829999999998,15347.099999999999,15896.7,15759.27,11328.380000000001,8836.380000000001,9305.16,378.8099999999995,8528.34,8883.84,10381.32,16234.640000000001,12434.36,10968.75,9594.8,8043.459999999999,10751.17,13267.1,7319.99,9584.109999999999,283773.85
Total for Advertising & marketing,35028.33,41874.94,51582.28,44777.65000000001,37536,44621.09,42961.93000000001,43857.75,43163.76,35322.01,36384.15,28796.260000000002,34693.740000000005,37512.520000000004,42003.81,48009.25,44871.06,41264.21,40639.380000000005,33888.17,28146.620000000003,34212.46,33943.93,43646.46,959975.6500000001
ask my accountant,,,,,,,,,,0,,,,,,,,,,,,,,4141.75,4141.75
Auto,,,,,,,,,,,,,,,,,,,,,,,,,
Car,1568.32,1568.32,1568.32,1568.32,1568.32,-2641.65,,,,,,,,,,,,,,,,,,,5199.949999999999
Total for Auto,1568.32,1568.32,1568.32,1568.32,1568.32,-2641.65,,,,,,,,,,,,,,,,,,,5199.949999999999
Business licences,4476.09,,,,,,,,,,,2579,,,,,,,,,,,,,7055.09
Commissions & fees,,,,850,,,,,,,,,,,,,,,,,,,,,850
Computer and Internet Fees,414.84,354.98,403.98,403.98,403.98,403.98,346.99,456.48,456.48,357.48,456.48,395.24,668.33,477.54,482.5,482.5,408.25,482.5,570.51,542.5,672.49,542.5,275,581.47,11341.089999999998
Consulting,,,,,,,,,,,,,,,,,,,,1250,1250,1250,1250,1250,6250
Army Bass Anglers,,,,,,,,,,,,,,,,,,,,,,,5000,,5000
Bloom-Zero Omega,650,650,650,650,,,,,,,,,,,,,,,,,,,,,2600
BYLD,,,,,,,,,,,,,,,,,,,,1650,1650,1650,1650,1450,8050
Creative Consulting,3600,3600,3600,3600,4500,4500,4500,4500,4500,4500,4500,4500,4500,7500,4500,4500,4500,4500,4500,4500,4500,4500,9000,,111900
David McCullough,1000,1000,,,,,,,,,,,,,,,,,,,,,,,3000
Dimension Studios,,,,,,,,,,,,,,,,,,,,,645.16,5086.55,5288.9,15612.26,26632.870000000003
Fisherman’s Life George A. Large II,750,233,233,234,234,234,200,200,,,,,,,,,,,,,,,,,2318
FishonMedia-Jeremy Francis,1200,1200,1200,1200,1200,1200,1200,1200,1200,1200,1200,1200,1200,1200,1200,1200,1200,1200,1200,1200,1200,1200,1200,1200,30000
Jared Fix,1249.94,1548,1760,1409,1070,875,635,600,600,,,,,780,,,,,,,,,,,11658.94
Retention,3000,3000,3000,3000,3000,3000,6000,3000,,2000,2000,2000,2000,2000,2000,2000,2000,2000,4000,2000,2000,2000,2000,2000,61000
TrailBlaze Media,5000,5000,5000,5000,5906.19,5000,5900,5000,5000,5000,6800,5000,6500,5000,5000,5000,5000,5000,5000,5000,6200,5000,10000,5000,131306.19
Total for Consulting,16449.940000000002,16231,15443,15093,15910.189999999999,14809,18435,14500,11300,12700,14500,12700,14200,16480,12700,12700,12700,12700,14700,15600,17445.16,20686.55,35388.9,26512.260000000002,399716
Contract labor,,,,,,,,,,,,,,,,,,,,,,,,,
Raphie A,7000,6000,6000,6000,7000,7000,,,,,,,,,,,,,,,,,,,39000
Sarah Bennege Morton,431,315.5,84.5,215,280,320,65.1,84.1,134,,,,,,,,,,,,,,,,1929.1999999999998
Total for Contract labor,7431,6315.5,6084.5,6215,7280,7320,65.1,84.1,134,,,,,,,,,,,,,,,,40929.2
Donation & Gifts,,,,,,,,,,,,,100,,,,,,,,,,,,100
Dues and Subscriptions,19.99,19.99,19.99,19.99,99.31,64.97,19.99,79.99,119.98,25.34,25.34,25.34,19.99,19.99,25.34,97.98,755.32,19.99,19.99,19.99,36.98,19.99,19.99,19.99,1615.7600000000002
General business expenses,,,,,,,,,,,,,,,,,,,,,,,,,
Bank fees & service charges,167.28,742,4,123.5,216.9,188.5,526.22,181.07,694.31,151.67,185.01,363.51,154.03,2,5,5,127.69,4,53.31,2,219.87,1,16.29,621.02,6922.21
Total for General business expenses,167.28,742,4,123.5,216.9,188.5,526.22,181.07,694.31,151.67,185.01,363.51,154.03,2,5,5,127.69,4,53.31,2,219.87,1,16.29,621.02,6922.21
Gorgias Inc-Customer Service Software,540,642.96,540,861.12,801,790.2,544.32,540,540,540,540,540,540,540,540,540,540,1080,540,540,540,540,540.5,,13900.099999999999
Insurance,,,,,,,,,,,,,,,,,,,,,,,,,
Health,2362.06,2362.06,2362.06,2362.06,2362.06,2362.06,2362.06,2362.06,2362.06,2362.06,2605.4,2605.4,2605.4,2605.4,2605.4,2605.4,2605.4,2605.4,2605.4,2605.4,2605.4,2605.4,2829.51,2829.51,63373.93000000002
Liability insurance,,,,,10205.28,,,,,,,,,,,8672.12,,,,,,,,,18877.4
Worker Comp,58.32,58.32,58.32,58.65,54.7,113.88,56.5,56.5,56.5,56.5,58,58,60.64,58,58,58,55.89,107.32,62.32,62.32,62.32,62.32,62.32,62.32,1547.1199999999997
Total for Insurance,2420.38,2420.38,2420.38,2420.71,12622.04,2475.94,2418.56,2418.56,2418.56,2418.56,2663.4,2663.4,2666.04,2663.4,2663.4,11335.52,2661.29,2712.7200000000003,2667.7200000000003,2667.7200000000003,2667.7200000000003,2667.7200000000003,2891.8300000000004,2891.8300000000004,83798.45000000001
Interest paid,,,,,,,,,,,,,,,,,,,,,,,,,
Business loan interest,4344.23,3594.58,3575.76,3556.77,3537.6,3518.24,3498.71,3478.99,3459.09,3439,3418.72,2667.26,2082.3,2069.63,2056.89,2044.09,2031.23,2018.3,2005.31,1992.25,1979.13,1965.94,1952.69,1939.37,66957.08
Credit card interest,320.19,681.75,297.37,,,,,,,519.22,500.08,,,,,,,,,,,,,,2318.61
Total for Interest paid,4664.419999999999,4276.33,3873.13,3556.77,3537.6,3518.24,3498.71,3478.99,3459.09,3958.2200000000003,3918.7999999999997,2667.26,2082.3,2069.63,2056.89,2044.09,2031.23,2018.3,2005.31,1992.25,1979.13,1965.94,1952.69,1939.37,69275.69
Legal & accounting services,289,2127,5001,6189,4937.12,5105,,248,5100,,3211.5,5553,864,-53,5000,,,5126.97,,101.97,5126.97,,,,53927.53
Accounting fees,,,,,,,,,,,,,,,,,,,,,,,,5000,5000
Total for Legal & accounting services,289,2127,5001,6189,4937.12,5105,,248,5100,,3211.5,5553,864,-53,5000,,,5126.97,,101.97,5126.97,,,5000,58927.53
Meals,,,,135,,,,,9.5,,,,,,,,,,,,,,,,144.5
Office expenses,521.13,142.71,257.94,74.23,96.57,187.18,-7.59,879.48,,348.69,230.16,569.81,59.49,408.54,422.7,72.75,,,210.51,1218.1,93.1,,50.11,316.89,6152.5
Shipping & postage,,,,270.26,142.46,,65.65,,,,,,,,,,,,,,,,,167,645.37
Total for Office expenses,521.13,142.71,257.94,344.49,239.03,187.18,58.06,879.48,,348.69,230.16,569.81,59.49,408.54,422.7,72.75,,,210.51,1218.1,93.1,,50.11,483.89,6797.870000000001
Payroll Expenses,,,,,,,,,,,,,,,,,,,,,,,,,
401k,,,,,,,,,,,,,,,,,40,40,40,20,,,,,140
Payroll Fee,341.19,102.08,48.8,48.8,155.36,155.36,155.36,155.36,155.36,155.36,224.09,86.63,322.99,155.36,155.36,155.36,155.36,155.36,158.9,471.12,371.12,310.51,260.51,371.12,5247.9400000000005
Payroll taxes,2669.68,2404.59,2268.1,2224.34,2210.34,2210.34,2210.34,2144.79,2079.24,2079.24,2304.02,2302.73,2932.96,2579.15,2277.36,2295.33,2080.98,2294.89,2294.92,2295.11,2295.36,2295.33,2295.36,2295.33,56690.70000000001
Wages,10250,8892.05,8892.04,9092.92,9092.92,9092.92,9092.92,9158.47,9224.02,9224.02,9806.62,10628.38,9815.28,9815.31,9815.28,9815.31,9067.72,9795.75,9795.72,9805.53,9815.28,9815.31,9815.28,9815.31,239275.28999999998
Total for Payroll Expenses,13260.869999999999,11398.72,11208.94,11366.060000000001,11458.62,11458.62,11458.62,11458.619999999999,11458.62,11458.62,12334.730000000001,13017.74,13071.23,12549.82,12248,12266,11344.06,12286,12289.539999999999,12591.76,12481.76,12421.15,12371.150000000001,12481.759999999998,301353.93000000005
Taxes paid,2479,,3108.74,850,2286,-1429.82,1504,1000,,802,1018.65,,1019,,450,,,2476.26,1156,,,2564,,,22688.83
Travel,,,,,,,,,,,,,,,,,,,,,,,,,
Airfare,,,,,,,,,422.97,,1198.95,839.96,,,,,,,,,,,,,2461.88
Hotels,,,,,,,,,,,,205.75,,,,,,,,,,,,,205.75
Taxis or shared rides,,,,,,,,,,,,102.18,,,,,,,,,,,,,102.18
Total for Travel,,,,,,,,,422.97,,1198.95,1147.89,,,,,,,,,,,,,2769.8100000000004
Utilities,,,,,,,,,,,,,,,,,,,,,,,,,
Phone service,352.12,310.46,323.02,322.31,392.34,424.47,352.82,325.82,326.26,326.7,326.73,449.58,328.44,312.72,,318.33,317.92,317.92,317.87,318.03,477,340.47,340.39,,8077.66
Total for Utilities,352.12,310.46,323.02,322.31,392.34,424.47,352.82,325.82,326.26,326.7,326.73,449.58,328.44,312.72,,318.33,317.92,317.92,317.87,318.03,477,340.47,340.39,,8077.66
Total for Expenses,90082.71,88425.29000000004,101839.22000000003,95096.90000000002,99288.45,87295.71999999999,82190.32,79508.86,79603.53,68409.29,76993.9,71468.03,70466.59000000001,72983.16,78597.64,87871.42,75756.82,80488.87,75170.14,69482.48999999999,69886.8,75961.78,87790.78000000001,98319.8,2005581.07
Net Operating Income,-35767.18000000001,-58870.38000000005,-4805.860000000044,11039.40999999996,-46326.32000000001,-6184.479999999996,-6433.219999999987,-27607.87000000001,-1673.6999999999825,-20951.500000000015,-21427.709999999977,-19459.850000000006,-26820.320000000007,-25396.880000000012,-4069.3600000000006,-30291.189999999973,-13924.179999999993,7414.729999999996,-1229.7600000000239,-17810.73999999999,-22302.369999999995,-44512.479999999996,-26070.67000000002,-26447.440000000002,-585451.9500000002
Other Income,,,,,,,,,,,,,,,,,,,,,,,,,
Cash Back Rewards - Not Taxable,,1102.66,,,850.24,,,,,1161.02,507.87,,245.75,215.04,274.83,1690.28,506.08,1106.69,1294.13,335.69,1321.96,410.62,196.7,973.67,12193.230000000003
Other income,,,,,,,,,,,,,,,,,,,,,,,,,42.45
Interest earned,0.87,1.28,0.19,0.21,0.34,0.33,0.34,0.34,0.33,0.34,0.33,0.34,0.34,0.31,0.22,0.16,0.17,0.16,0.17,0.17,0.16,0.17,0.16,0.17,7.599999999999999
Start Engine,,,,,,,,,,,,,,,,27335.57,15451.13,,,,,,,,42786.7
Total for Other income,0.87,1.28,0.19,0.21,0.34,0.33,0.34,0.34,0.33,0.34,0.33,0.34,0.34,0.31,0.22,27335.73,15451.3,0.16,0.17,0.17,0.16,0.17,0.16,0.17,42836.75
Total for Other Income,0.87,1103.94,0.19,0.21,850.58,0.33,0.34,0.34,0.33,1161.36,508.2,0.34,246.09,215.35,275.05,29026.01,15957.38,1106.8500000000001,1294.3000000000002,335.86,1322.1200000000001,410.79,196.85999999999999,973.8399999999999,55029.979999999996
Other Expenses,,,,,,,,,,,,,,,,,,,,,,,,,
Vehicle expenses,,,,,,,,,,,,,,,,,,,,,,,,,
Parking & tolls,,54,29,9,10,,,,,,,,,8,,,,,,,,,5,5,120
Vehicle insurance,,,,139.7,,,,,,,,,,,,,,,,,,,,,139.7
Total for Vehicle expenses,,54,29,148.7,10,,,,,,,,,8,,,,,,,,,5,5,259.7
Total for Other Expenses,,54,29,148.7,10,,,,,,,,,8,,,,,,,,,5,5,259.7
Net Other Income,0.87,1049.94,-28.81,-148.48999999999998,840.58,0.33,0.34,0.34,0.33,1161.36,508.2,0.34,246.09,207.35,275.05,29026.01,15957.38,1106.8500000000001,1294.3000000000002,335.86,1322.1200000000001,410.79,191.85999999999999,968.8399999999999,54770.28
Net Income,-35766.310000000005,-57820.440000000046,-4834.670000000045,10890.91999999996,-45485.740000000005,-6184.149999999996,-6432.8799999999865,-27607.53000000001,-1673.3699999999826,-19790.140000000014,-20919.509999999977,-19459.510000000006,-26574.230000000007,-25189.530000000013,-3794.3100000000004,-1265.1799999999748,2033.2000000000062,8521.579999999996,64.53999999997632,-17474.87999999999,-20980.249999999996,-44101.689999999995,-25878.81000000002,-25478.600000000002,-530681.6700000002
"Accrual Basis Friday, January 30, 2026 09:45 PM GMTZ",,,,,,,,,,,,,,,,,,,,,,,,,
