Transaction date,Num,Name,Memo/Description,Amount,Expense_Category
01/01/2024,0684,David Vance McCullough,,-1000.0,David McCullough
01/01/2024,0690,Sarah Bennage Morton,,-140.0,Sarah Bennege Morton
01/01/2024,ACH,Eagle Warehouse & Distribution Center Inc,,-2657.43,Warehouse Service
01/01/2024,ACH,Eagle Warehouse & Distribution Center Inc,,-2436.0,Warehouse Service
01/06/2025,ACH,Jeremy Francis,,-400.0,Accounts Payable (A/P)
01/06/2025,ach,Jeremy Francis,,-1200.0,Accounts Payable (A/P)
01/06/2025,0932,TTI Blakemore Group,,-987.85,Accounts Payable (A/P)
01/07/2024,0696,Yotpo,,-3406.46,Accounts Payable (A/P)
01/07/2025,ACH,Eagle Warehouse & Distribution Center Inc,,-3293.85,Accounts Payable (A/P)
01/07/2025,0934,Michael Meisenheimer,,-1250.0,Accounts Payable (A/P)
01/07/2025,0935,Shane Park Media Group LLC,,-1500.0,Accounts Payable (A/P)
01/07/2025,0936,Edward Lee Arthur Jr,,-100.0,Accounts Payable (A/P)
01/07/2025,0933,Wishiwazfishin,,-833.34,Accounts Payable (A/P)
01/08/2024,0694,Brothers Printing,Voided,0.0,Accounts Payable (A/P)
01/09/2024,ACH,Bloom Social Zero Mega,,-650.0,Accounts Payable (A/P)
01/09/2024,0695,Yo Zuri,,-13500.0,Accounts Payable (A/P)
01/11/2024,0697,Packaging Corporation of America,,-4940.85,Accounts Payable (A/P)
01/12/2024,0704,Wishiwazfishin,,-416.67,Accounts Payable (A/P)
01/12/2024,0700,Hammer Time Production LLC,,-1000.0,Accounts Payable (A/P)
01/12/2024,0703,Paul Glass,,-625.0,Accounts Payable (A/P)
01/12/2024,0698,David Vance McCullough,,-1000.0,Accounts Payable (A/P)
01/12/2024,0699,Edward Lee Arthur Jr,,-1000.0,Accounts Payable (A/P)
01/12/2024,ACH,Eagle Warehouse & Distribution Center Inc,,-4311.17,Accounts Payable (A/P)
01/12/2024,0701,Jared Fix,,-1132.0,Accounts Payable (A/P)
01/12/2024,0702,Michael Meisenheimer,,-1250.0,Accounts Payable (A/P)
01/15/2025,ACH,Weihai Runten Industrial Limited,,-5075.0,Accounts Payable (A/P)
01/15/2025,ACH,GrandeBass Maximus Outdoors,,-5086.4,Accounts Payable (A/P)
01/15/2025,0937,VRX Fishing Products,,-1076.1,Accounts Payable (A/P)
01/16/2025,0939,GS1 US Inc,,-1000.0,Other Costs of Services - COS
01/16/2025,0938,A.N.E Wholesale,,-5171.0,Accounts Payable (A/P)
01/21/2025,WIRE,Weihai Runten Industrial Limited,,-10868.16,Accounts Payable (A/P)
01/23/2024,ACH,Eagle Warehouse & Distribution Center Inc,,-1006.7,Accounts Payable (A/P)
01/23/2024,ACH,Eagle Warehouse & Distribution Center Inc,,-2311.94,Accounts Payable (A/P)
01/23/2024,ACH,Brothers Printing,,-3099.95,Accounts Payable (A/P)
01/25/2024,0706,Devon Christian,,-1000.0,Accounts Payable (A/P)
01/26/2024,ACH,Brothers Printing,,-2997.69,Accounts Payable (A/P)
02/01/2024,0708,"Yazoo Mills, Inc.",,-5298.09,Accounts Payable (A/P)
02/01/2024,0668,Maximus Outdoors,,-10000.0,Maximus Outdoors
02/01/2024,0632,Maximus Outdoors,,-16000.0,Maximus Outdoors
02/02/2024,ACH,Eagle Warehouse & Distribution Center Inc,,-2813.61,Accounts Payable (A/P)
02/02/2024,0709,Post Master,"Return Postage Account: MonsterBass LLC
Eagle Warehouse & Distribution Center Inc
823 East Main St , Henderson, TN 38340",-500.0,Stamps and USPS
02/04/2025,0940,VRX Fishing Products,,-4288.25,Accounts Payable (A/P)
02/05/2024,0710,Yotpo,,-1703.23,Accounts Payable (A/P)
02/05/2025,ACH,Jeremy Francis,,-1200.0,Accounts Payable (A/P)
02/05/2025,ACH,Jeremy Francis,,-400.0,Accounts Payable (A/P)
02/09/2024,ACH,Eagle Warehouse & Distribution Center Inc,,-2054.67,Accounts Payable (A/P)
02/09/2024,ACH,Bloom Social Zero Mega,,-650.0,Accounts Payable (A/P)
02/09/2024,0711,Packaging Corporation of America,,-4237.5,Accounts Payable (A/P)
02/09/2024,0712,David Vance McCullough,,-1000.0,Accounts Payable (A/P)
02/09/2024,0713,Michael Meisenheimer,,-1250.0,Accounts Payable (A/P)
02/09/2024,0714,Hammer Time Production LLC,,-1000.0,Accounts Payable (A/P)
02/09/2024,0715,James V. LoDuca,,-1000.0,Accounts Payable (A/P)
02/09/2024,0716,Wishiwazfishin,,-416.67,Accounts Payable (A/P)
02/11/2025,0943,Shane Park Media Group LLC,,-1500.0,Accounts Payable (A/P)
02/11/2025,0942,Michael Meisenheimer,,-1250.0,Accounts Payable (A/P)
02/11/2025,0941,A.N.E Wholesale,SO-000323,-1150.0,
02/15/2024,0717,"Fisherman's Life, LLC",,-750.0,Accounts Payable (A/P)
02/15/2024,0719,Brothers Printing,,-2937.82,Accounts Payable (A/P)
02/15/2024,0718,Edward Lee Arthur Jr,,-100.0,Accounts Payable (A/P)
02/16/2024,0721,Packaging Corporation of America,,-4855.53,Accounts Payable (A/P)
02/16/2024,0720,Jared Fix,,-649.94,Accounts Payable (A/P)
02/20/2025,0947,Brothers Printing,,-1977.09,Accounts Payable (A/P)
02/20/2025,ach,GrandeBass Maximus Outdoors,,-5256.48,Accounts Payable (A/P)
02/21/2024,ACH,Eagle Warehouse & Distribution Center Inc,,-2900.0,Accounts Payable (A/P)
02/26/2024,0722,Jared Fix,,-600.0,Accounts Payable (A/P)
02/26/2025,0948,Edward Lee Arthur Jr,,-200.0,Accounts Payable (A/P)
02/27/2024,0723,Yotpo,,-1703.23,Accounts Payable (A/P)
03/01/2024,0705,Weihai Runten Industrial Limited,,-16005.32,Accounts Payable (A/P)
03/01/2024,0724,Jared Fix,,-748.0,Accounts Payable (A/P)
03/01/2024,0725,Coastal Sports Distributors LLC,,-3273.45,Accounts Payable (A/P)
03/01/2024,ACH,Eagle Warehouse & Distribution Center Inc,,-2188.2,Accounts Payable (A/P)
03/02/2024,0726,Yotpo,,-6812.92,Accounts Payable (A/P)
03/03/2025,,Jeremy Francis,,-1200.0,Accounts Payable (A/P)
03/03/2025,,Jeremy Francis,,-400.0,Accounts Payable (A/P)
03/04/2024,0729,Jared Fix,,-800.0,Accounts Payable (A/P)
03/04/2024,0728,Hammer Time Production LLC,,-1000.0,Accounts Payable (A/P)
03/04/2024,0727,Michael Meisenheimer,,-1250.0,Accounts Payable (A/P)
03/05/2024,0730,James V. LoDuca,,-1000.0,Accounts Payable (A/P)
03/05/2025,ach,Eagle Warehouse & Distribution Center Inc,,-735.91,Accounts Payable (A/P)
03/05/2025,ACH,Eagle Warehouse & Distribution Center Inc,,-1630.88,Accounts Payable (A/P)
03/05/2025,ACH,Eagle Warehouse & Distribution Center Inc,,-3457.85,Accounts Payable (A/P)
03/05/2025,ACH,Eagle Warehouse & Distribution Center Inc,,-3171.3,Accounts Payable (A/P)
03/07/2024,ACH,Eagle Warehouse & Distribution Center Inc,,-2895.62,Accounts Payable (A/P)
03/10/2025,ach,GrandeBass Maximus Outdoors,,-3355.2,Accounts Payable (A/P)
03/10/2025,0949,VRX Fishing Products,,-1794.35,Accounts Payable (A/P)
03/10/2025,0950,Jared Fix,,-780.0,Accounts Payable (A/P)
03/10/2025,0951,Michael Meisenheimer,,-1250.0,Accounts Payable (A/P)
03/10/2025,0953,"Z-Man Fishing Products, Inc.",,-22000.0,Accounts Payable (A/P)
03/10/2025,ACH,GrandeBass Maximus Outdoors,,-4400.0,Accounts Payable (A/P)
03/10/2025,0952,Shane Park Media Group LLC,,-1500.0,Accounts Payable (A/P)
03/11/2024,0731,VRX Fishing Products,,-4506.75,Accounts Payable (A/P)
03/12/2024,ach,Bloom Social Zero Mega,,-650.0,Accounts Payable (A/P)
03/14/2024,0732,State of California Franchise Tax Board,2022 income tax due 2150223593,-46.61,Taxes paid
03/18/2024,ach,Eagle Warehouse & Distribution Center Inc,,-2942.0,Accounts Payable (A/P)
03/18/2024,0734,Edward Lee Arthur Jr,,-100.0,Accounts Payable (A/P)
03/22/2024,0735,Pradco Outdoors Brands,,-3920.4,Accounts Payable (A/P)
03/24/2025,0953,Empire Freight Logistics,,-682.88,Freight
03/26/2024,ACH,"Qingdao Mango Outdoors Co., Ltd.",DEPOSIT,-1232.64,Accounts Payable (A/P)
04/01/2024,ach,Eagle Warehouse & Distribution Center Inc,,-194.43,Accounts Payable (A/P)
04/01/2024,ACH,Eagle Warehouse & Distribution Center Inc,,-2478.39,Accounts Payable (A/P)
04/01/2024,0736,Coastal Sports Distributors LLC,SR30A Spinning Reel,-2250.0,Inventory Asset
04/01/2024,0633,Maximus Outdoors,,-16000.0,Maximus Outdoors
04/01/2025,0954,VRX Fishing Products,,-1049.75,Accounts Payable (A/P)
04/01/2025,0955,A.N.E Wholesale,,-3852.67,Accounts Payable (A/P)
04/01/2025,0956,Brothers Printing,,-2847.5,Accounts Payable (A/P)
04/01/2025,ACH,Weihai Runten Industrial Limited,,-4490.0,Accounts Payable (A/P)
04/02/2024,ACH,Bloom Social Zero Mega,0001537,-650.0,Bloom-Zero Omega
04/02/2024,0738,Jared Fix,,-960.0,Accounts Payable (A/P)
04/02/2024,0739,Yotpo,,-3406.46,Accounts Payable (A/P)
04/02/2024,0737,Brothers Printing,,-665.52,Accounts Payable (A/P)
04/03/2024,ACH,Jeremy Francis,,-400.0,Accounts Payable (A/P)
04/03/2024,ACH,Jeremy Francis,,-1200.0,Accounts Payable (A/P)
04/03/2025,ACH,Eagle Warehouse & Distribution Center Inc,,-3483.45,Accounts Payable (A/P)
04/03/2025,ACH,Brothers Printing,,-2779.24,Accounts Payable (A/P)
04/07/2025,,Jeremy Francis,,-1200.0,Accounts Payable (A/P)
04/07/2025,ACH,"Qingdao Mango Outdoors Co., Ltd.",,-3470.87,Accounts Payable (A/P)
04/07/2025,,Jeremy Francis,,-400.0,Accounts Payable (A/P)
04/08/2024,0740,James V. LoDuca,,-1000.0,Accounts Payable (A/P)
04/08/2024,0741,Hammer Time Production LLC,,-1000.0,Accounts Payable (A/P)
04/08/2024,0742,Wishiwazfishin,,-416.67,Accounts Payable (A/P)
04/08/2024,0819,Michael Meisenheimer,,-1250.0,Accounts Payable (A/P)
04/08/2024,0820,Jared Fix,,-800.0,Accounts Payable (A/P)
04/08/2024,0821,Brothers Printing,,-570.26,Accounts Payable (A/P)
04/08/2024,ACH,Eagle Warehouse & Distribution Center Inc,,-3508.36,Accounts Payable (A/P)
04/08/2025,0957,Fedex,,-6.12,Fedex
04/10/2024,0822,Bo’s Jigs,,-1500.0,Accounts Payable (A/P)
04/11/2024,0823,State of California Franchise Tax Board,EIN 87-4531343,-800.0,Taxes paid
04/14/2025,ACH,Eagle Warehouse & Distribution Center Inc,,-4505.25,Accounts Payable (A/P)
04/14/2025,0958,Michael Meisenheimer,,-1250.0,Accounts Payable (A/P)
04/14/2025,0959,Shane Park Media Group LLC,,-1500.0,Accounts Payable (A/P)
04/18/2024,0824,Edward Lee Arthur Jr,,-100.0,Accounts Payable (A/P)
04/19/2024,ACH,Eagle Warehouse & Distribution Center Inc,,-4622.02,Accounts Payable (A/P)
04/22/2024,0825,"Fisherman's Life, LLC",,-700.0,Accounts Payable (A/P)
04/22/2025,0960,Ark Fishing International,,-6930.0,Accounts Payable (A/P)
04/22/2025,ACH,Weihai Runten Industrial Limited,,-11241.0,Accounts Payable (A/P)
04/25/2025,ACH,Eagle Warehouse & Distribution Center Inc,,-4623.31,Accounts Payable (A/P)
05/01/2024,0827,Jeff Burlingame,,-850.0,Accounts Payable (A/P)
05/01/2024,0634,Maximus Outdoors,,-16000.0,Maximus Outdoors
05/01/2025,0962,Packaging Corporation of America,,-7811.56,Accounts Payable (A/P)
05/01/2025,0961,"Z-Man Fishing Products, Inc.",,-22260.6,Accounts Payable (A/P)
05/02/2024,0834,Newfront Insurance Service,,-10205.28,Liability insurance
05/06/2024,ACH,Jeremy Francis,,-1200.0,Accounts Payable (A/P)
05/06/2024,ACH,Jeremy Francis,,-400.0,Accounts Payable (A/P)
05/12/2025,0963,Michael Meisenheimer,,-1250.0,Accounts Payable (A/P)
05/12/2025,ACH,Eagle Warehouse & Distribution Center Inc,,-2475.38,Accounts Payable (A/P)
05/12/2025,0964,Shane Park Media Group LLC,,-1500.0,Accounts Payable (A/P)
05/12/2025,0965,Brothers Printing,,-2552.71,Accounts Payable (A/P)
05/12/2025,0966,Uline,,-1624.4,Supplies & materials
05/12/2025,,Jeremy Francis,,-1200.0,Accounts Payable (A/P)
05/12/2025,,Jeremy Francis,,-400.0,Accounts Payable (A/P)
05/13/2024,0838,Wishiwazfishin,,-416.67,Accounts Payable (A/P)
05/13/2024,ACH,Eagle Warehouse & Distribution Center Inc,,-4867.79,Accounts Payable (A/P)
05/13/2024,0839,Michael Meisenheimer,,-1250.0,Accounts Payable (A/P)
05/13/2024,0837,James V. LoDuca,,-1000.0,Accounts Payable (A/P)
05/13/2024,0836,Hammer Time Production LLC,,-1170.0,Accounts Payable (A/P)
05/13/2024,0835,Jared Fix,,-270.0,Accounts Payable (A/P)
05/14/2024,0840,Edward Lee Arthur Jr,,-100.0,Accounts Payable (A/P)
05/19/2025,0968,Edward Lee Arthur Jr,,-100.0,Accounts Payable (A/P)
05/19/2025,ACH,Fallout Fishing,Invoice 12052,-2100.0,Other Costs of Services - COS
05/19/2025,ACH,Weihai Runten Industrial Limited,,-11241.0,Accounts Payable (A/P)
05/20/2024,WIRE,"Qingdao Mango Outdoors Co., Ltd.",,-3506.78,Accounts Payable (A/P)
05/21/2024,ACH,Maximus Outdoors,,-6780.5,Accounts Payable (A/P)
05/21/2024,ACH,Eagle Warehouse & Distribution Center Inc,,-2451.95,Accounts Payable (A/P)
05/21/2024,0842,Brothers Printing,,-2737.17,Accounts Payable (A/P)
05/21/2024,0841,Jared Fix,,-1139.0,Accounts Payable (A/P)
05/21/2025,ach,Recertop Tech Co Limited,,-819.0,Accounts Payable (A/P)
05/23/2025,,Recertop Tech Co Limited,,-819.0,Accounts Payable (A/P)
05/31/2024,0843,Yotpo,,-3406.46,Accounts Payable (A/P)
06/01/2024,0669,Maximus Outdoors,,-10000.0,Maximus Outdoors
06/01/2025,0969,A.N.E Wholesale,,-5190.73,Accounts Payable (A/P)
06/02/2025,0976,Brothers Printing,,-1165.0,Accounts Payable (A/P)
06/02/2025,ach,Eagle Warehouse & Distribution Center Inc,,-4811.26,Accounts Payable (A/P)
06/02/2025,0975,Michael Meisenheimer,,-1750.0,Accounts Payable (A/P)
06/03/2025,0978,A.N.E Wholesale,,-269.93,Accounts Payable (A/P)
06/03/2025,0977,Brothers Printing,,-2422.49,Accounts Payable (A/P)
06/04/2024,ACH,Eagle Warehouse & Distribution Center Inc,,-4843.65,Accounts Payable (A/P)
06/05/2025,0979,Shane Park Media Group LLC,,-1500.0,Accounts Payable (A/P)
06/06/2024,ACH,Jeremy Francis,,-400.0,Accounts Payable (A/P)
06/06/2025,0980,Edward Lee Arthur Jr,,-100.0,Accounts Payable (A/P)
06/11/2024,0848,Edward Lee Arthur Jr,,-100.0,Accounts Payable (A/P)
06/11/2024,0844,Maximus Outdoors,,-5929.0,Accounts Payable (A/P)
06/11/2024,0845,Hammer Time Production LLC,,-1000.0,Accounts Payable (A/P)
06/11/2024,0846,Wishiwazfishin,,-416.67,Accounts Payable (A/P)
06/11/2024,0847,James V. LoDuca,,-1000.0,Accounts Payable (A/P)
06/11/2024,0849,Michael Meisenheimer,,-1250.0,Accounts Payable (A/P)
06/11/2024,0850,Jared Fix,,-1070.0,Accounts Payable (A/P)
06/11/2024,0851,Northland Tackle,,-8640.0,Accounts Payable (A/P)
06/18/2024,ACH,Eagle Warehouse & Distribution Center Inc,,-1906.19,Accounts Payable (A/P)
06/20/2025,,Jeremy Francis,,-1200.0,Accounts Payable (A/P)
06/20/2025,,Jeremy Francis,,-400.0,Accounts Payable (A/P)
06/23/2025,ACH,Eagle Warehouse & Distribution Center Inc,,-2726.03,Accounts Payable (A/P)
06/25/2024,0853,B.A.S.S LLC,2024-152577,-250.0,Other
06/29/2024,0854,"Fisherman's Life, LLC",,-234.0,Accounts Payable (A/P)
07/01/2024,0855,Yotpo,,-3422.94,Accounts Payable (A/P)
07/01/2024,0857,Brothers Printing,,-2772.48,Accounts Payable (A/P)
07/01/2024,0858,American Snakehead Customs LLC,,-9225.0,Accounts Payable (A/P)
07/01/2024,ACH,A.N.E Wholesale,,-1547.0,Accounts Payable (A/P)
07/01/2024,0859,American Snakehead Customs LLC,,-450.0,Inventory Asset
07/01/2024,0856,"Z-Man Fishing Products, Inc.",,-1260.0,Accounts Payable (A/P)
07/01/2024,0852,Ark Fishing International,,-2310.0,Inventory Asset
07/01/2024,0635,Maximus Outdoors,,-16000.0,Maximus Outdoors
07/02/2025,0981,Michael Meisenheimer,,-1250.0,Accounts Payable (A/P)
07/02/2025,ACH,Eagle Warehouse & Distribution Center Inc,,-4517.81,Accounts Payable (A/P)
07/02/2025,ACH,Eagle Warehouse & Distribution Center Inc,,-2222.0,Accounts Payable (A/P)
07/07/2025,ACH,Jeremy Francis,,-1200.0,Accounts Payable (A/P)
07/07/2025,0982,Brothers Printing,,-2275.33,Accounts Payable (A/P)
07/07/2025,ACH,Recertop Tech Co Limited,,-3013.0,Accounts Payable (A/P)
07/08/2024,ACH,"Yangzhou SourcePro Outdoors Co.,LTD.",,-1620.99,Accounts Payable (A/P)
07/08/2024,ACH,Jeremy Francis,,-1200.0,Accounts Payable (A/P)
07/08/2024,ACH,Eagle Warehouse & Distribution Center Inc,,-3282.82,Accounts Payable (A/P)
07/08/2024,0860,James V. LoDuca,,-1000.0,Accounts Payable (A/P)
07/08/2024,0861,Edward Lee Arthur Jr,,-100.0,Accounts Payable (A/P)
07/08/2024,0862,Jared Fix,,-875.0,Accounts Payable (A/P)
07/08/2024,0864,Michael Meisenheimer,,-1250.0,Accounts Payable (A/P)
07/08/2024,0865,Wishiwazfishin,,-416.67,Accounts Payable (A/P)
07/08/2024,0866,"Fisherman's Life, LLC",,-234.0,Accounts Payable (A/P)
07/08/2024,ACH,Jeremy Francis,,-400.0,Accounts Payable (A/P)
07/08/2025,ACH,5 Alive Fishing,,-1426.1,Accounts Payable (A/P)
07/09/2025,0983,Shane Park Media Group LLC,,-1500.0,Accounts Payable (A/P)
07/22/2024,0868,Brothers Printing,,-2416.64,Accounts Payable (A/P)
07/22/2024,0867,Hammer Time Production LLC,,-1000.0,Accounts Payable (A/P)
07/23/2024,ACH,Eagle Warehouse & Distribution Center Inc,,-3705.31,Accounts Payable (A/P)
07/24/2025,ach,Maximus Outdoors,,-15000.0,Accounts Payable (A/P)
07/31/2025,ACH,Eagle Warehouse & Distribution Center Inc,,-4701.95,Accounts Payable (A/P)
08/01/2024,ACH,Eagle Warehouse & Distribution Center Inc,,-4072.74,Accounts Payable (A/P)
08/01/2024,0873,B.A.S.S LLC,2024-152579,-250.0,Other
08/01/2024,0872,Rochelle Johansen Mitchell,,-2527.17,Visa 0270
08/01/2025,0985,Razor Custom Tackle,,-2180.1,Accounts Payable (A/P)
08/01/2025,0984,A.N.E Wholesale,,-945.0,Accounts Payable (A/P)
08/04/2025,ACH,Jeremy Francis,,-1200.0,Accounts Payable (A/P)
08/04/2025,0987,Brothers Printing,,-2275.33,Accounts Payable (A/P)
08/05/2024,0871,Yotpo,,-3406.46,Yotpo
08/05/2024,ACH,A.N.E Wholesale,,-5860.4,Accounts Payable (A/P)
08/05/2024,ACH,Jeremy Francis,,-1200.0,Accounts Payable (A/P)
08/05/2024,ACH,Jeremy Francis,,-400.0,Accounts Payable (A/P)
08/06/2025,0988,Razor Custom Tackle,,-1719.9,Accounts Payable (A/P)
08/08/2024,0874,Hammer Time Production LLC,,-750.0,Accounts Payable (A/P)
08/08/2024,0875,Michael Meisenheimer,,-1250.0,Accounts Payable (A/P)
08/08/2024,0876,James V. LoDuca,,-1000.0,Accounts Payable (A/P)
08/08/2024,0877,Wishiwazfishin,,-416.67,Accounts Payable (A/P)
08/11/2025,ACH,The Fishing Wire,,-1000.0,Accounts Payable (A/P)
08/11/2025,ach,Eagle Warehouse & Distribution Center Inc,,-2272.14,Accounts Payable (A/P)
08/11/2025,0990,Michael Meisenheimer,,-1250.0,Accounts Payable (A/P)
08/11/2025,0989,Shane Park Media Group LLC,,-1500.0,Accounts Payable (A/P)
08/12/2024,ACH,Eagle Warehouse & Distribution Center Inc,,-2220.17,Accounts Payable (A/P)
08/13/2024,0878,Edward Lee Arthur Jr,,-100.0,Accounts Payable (A/P)
08/18/2025,0991,Rochelle Johansen Mitchell,,-4500.0,Visa 0270
08/20/2024,ACH,Eagle Warehouse & Distribution Center Inc,,-4569.7,Accounts Payable (A/P)
09/01/2024,0879,Packaging Corporation of America,,-5347.59,Accounts Payable (A/P)
09/01/2024,0880,Trophy Technologies,,-5549.65,Accounts Payable (A/P)
09/01/2024,0882,Northland Tackle,,-8470.0,Accounts Payable (A/P)
09/01/2024,0881,Bo’s Jigs,,-4500.0,Accounts Payable (A/P)
09/01/2025,ACH,Jeremy Francis,,-1200.0,Accounts Payable (A/P)
09/02/2025,ACH,Weihai Runten Industrial Limited,,-11724.0,Accounts Payable (A/P)
09/03/2025,0992,Uline,,-775.38,Supplies & materials
09/03/2025,0993,Brothers Printing,,-2331.59,Accounts Payable (A/P)
09/03/2025,0994,Michael Meisenheimer,,-1250.0,Accounts Payable (A/P)
09/03/2025,0995,Shane Park Media Group LLC,,-1500.0,Accounts Payable (A/P)
09/05/2025,0996,Fedex,,-103.3,Fedex
09/10/2024,0887,James V. LoDuca,,-1000.0,Accounts Payable (A/P)
09/10/2024,0890,Edward Lee Arthur Jr,,-100.0,Accounts Payable (A/P)
09/10/2024,0889,Wishiwazfishin,,-416.67,Accounts Payable (A/P)
09/10/2024,0888,Hammer Time Production LLC,,-1000.0,Accounts Payable (A/P)
09/10/2024,0886,Michael Meisenheimer,,-1250.0,Accounts Payable (A/P)
09/10/2024,0885,"Fisherman's Life, LLC",,-400.0,Accounts Payable (A/P)
09/10/2024,ACH,Jeremy Francis,,-1200.0,Accounts Payable (A/P)
09/10/2024,0883,Jared Fix,,-635.0,Accounts Payable (A/P)
09/10/2024,ACH,Eagle Warehouse & Distribution Center Inc,,-3803.59,Accounts Payable (A/P)
09/10/2024,ach,Jeremy Francis,,-400.0,Accounts Payable (A/P)
09/10/2024,0884,Brothers Printing,,-2661.99,Accounts Payable (A/P)
09/12/2025,ACH,Eagle Warehouse & Distribution Center Inc,,-2798.76,Accounts Payable (A/P)
09/15/2025,0997,A.N.E Wholesale,,-1500.0,Accounts Payable (A/P)
09/18/2024,ACH,GrandeBass Maximus Outdoors,,-1140.0,Accounts Payable (A/P)
09/18/2024,ACH,GrandeBass Maximus Outdoors,,-5862.6,Accounts Payable (A/P)
09/19/2024,ACH,Eagle Warehouse & Distribution Center Inc,,-2430.71,Accounts Payable (A/P)
09/23/2025,ACH,Eagle Warehouse & Distribution Center Inc,,-1189.65,Accounts Payable (A/P)
09/25/2025,WIRE,Fishing Capital Co,,-8912.1,Accounts Payable (A/P)
10/01/2024,0891,O Mustad & Sons,,-5378.97,Accounts Payable (A/P)
10/01/2024,0892,Jared Fix,,-600.0,Accounts Payable (A/P)
10/01/2024,0893,Eric Anthony Galasso,,-700.0,Accounts Payable (A/P)
10/01/2024,0894,Coastal Sports Distributors LLC,,-966.0,Accounts Payable (A/P)
10/01/2024,0895,Brothers Printing,,-1824.06,Accounts Payable (A/P)
10/01/2025,0998,A.N.E Wholesale,,-1269.65,Accounts Payable (A/P)
10/01/2025,0999,Dove Fishing LLC,,-1250.0,Accounts Payable (A/P)
10/03/2024,0896,B.A.S.S LLC,2024-152578,-250.0,Other
10/03/2024,ACH,Jeremy Francis,,-400.0,Accounts Payable (A/P)
10/07/2025,1004,Rochelle Johansen Mitchell,,-4593.1,Visa 0270
10/07/2025,ach,Eagle Warehouse & Distribution Center Inc,,-4814.85,Accounts Payable (A/P)
10/07/2025,1002,Michael Meisenheimer,,-1250.0,Accounts Payable (A/P)
10/07/2025,1001,Dove Fishing LLC,,-1250.0,Accounts Payable (A/P)
10/07/2025,1000,Brothers Printing,,-2275.33,Accounts Payable (A/P)
10/07/2025,ACH,Jeremy Francis,,-1200.0,Accounts Payable (A/P)
10/08/2025,ACH,Weihai Runten Industrial Limited,,-10000.0,Accounts Payable (A/P)
10/10/2024,ACH,Jeremy Francis,,-1200.0,Accounts Payable (A/P)
10/11/2024,ACH,Eagle Warehouse & Distribution Center Inc,,-3157.92,Accounts Payable (A/P)
10/13/2025,1005,Shane Park Media Group LLC,,-1500.0,Accounts Payable (A/P)
10/14/2024,0897,Shane Park Media Group LLC,,-1500.0,Accounts Payable (A/P)
10/14/2024,0899,Michael Meisenheimer,,-1250.0,Accounts Payable (A/P)
10/14/2024,0900,Edward Lee Arthur Jr,,-100.0,Accounts Payable (A/P)
10/14/2024,0901,Wishiwazfishin,,-416.67,Accounts Payable (A/P)
10/14/2024,0902,The Fishing Wire,,-1000.0,Accounts Payable (A/P)
10/15/2024,0903,Jared Fix,,-600.0,Accounts Payable (A/P)
10/15/2025,1009,State of California Franchise Tax Board,"EIN 87-4531343
2025 Corp Estimated Tax",-800.0,Taxes paid
10/15/2025,1008,EuroTackle,,-890.4,Accounts Payable (A/P)
10/15/2025,1006,"Z-Man Fishing Products, Inc.",,-2178.54,Accounts Payable (A/P)
10/15/2025,1007,Packaging Corporation of America,,-5149.5,Accounts Payable (A/P)
10/21/2024,ACH,Weihai Runten Industrial Limited,,-9141.38,Accounts Payable (A/P)
10/21/2024,0905,Fedex,"account *****1137
Invoice 864137268",-5.78,Fedex
10/21/2024,ach,Weihai Runten Industrial Limited,,-136.68,Accounts Payable (A/P)
10/21/2024,ACH,Eagle Warehouse & Distribution Center Inc,,-1843.24,Accounts Payable (A/P)
10/21/2024,ACH,A.N.E Wholesale,,-10719.52,Accounts Payable (A/P)
10/21/2025,1010,3 Brothers Baits LLC,,-7875.0,Accounts Payable (A/P)
10/22/2025,1011,Uline,,-2169.76,Supplies & materials
10/31/2025,ACH,Eagle Warehouse & Distribution Center Inc,,-3752.94,Accounts Payable (A/P)
11/01/2024,ach,Rochelle Johansen Mitchell,,-1052.57,Visa 0270
11/04/2024,ACH,Weihai Runten Industrial Limited,,-9141.38,Accounts Payable (A/P)
11/04/2025,1013,Brothers Printing,,-985.0,Accounts Payable (A/P)
11/04/2025,1012,"Z-Man Fishing Products, Inc.",,-7148.43,Accounts Payable (A/P)
11/05/2025,,Jeremy Francis,,-1200.0,Accounts Payable (A/P)
11/07/2024,,Jeremy Francis,,-1200.0,Accounts Payable (A/P)
11/07/2024,0911,Adaptive Marketing LLC,,-2000.0,Accounts Payable (A/P)
11/07/2024,0913,Wishiwazfishin,,-416.67,Accounts Payable (A/P)
11/07/2024,0914,Michael Meisenheimer,,-1250.0,Accounts Payable (A/P)
11/07/2024,0915,Shane Park Media Group LLC,,-1500.0,Accounts Payable (A/P)
11/07/2024,,Jeremy Francis,,-400.0,Accounts Payable (A/P)
11/07/2024,0912,Yotpo,,-1277.92,Accounts Payable (A/P)
11/10/2025,1015,Michael Meisenheimer,,-1250.0,Accounts Payable (A/P)
11/10/2025,1016,Rochelle Johansen Mitchell,,-4500.0,Visa 0270
11/10/2025,1014,Dove Fishing LLC,,-1250.0,Accounts Payable (A/P)
11/11/2024,ACH,Eagle Warehouse & Distribution Center Inc,,-2307.21,Accounts Payable (A/P)
11/11/2025,ACH,Shane Park Media Group LLC,,-1500.0,Accounts Payable (A/P)
11/12/2024,0918,"Z-Man Fishing Products, Inc.",,-2968.75,Accounts Payable (A/P)
11/12/2024,0917,"Z-Man Fishing Products, Inc.",,-4029.15,Accounts Payable (A/P)
11/14/2024,ACH,GrandeBass Maximus Outdoors,,-6354.4,Accounts Payable (A/P)
11/15/2024,ACH,Eagle Warehouse & Distribution Center Inc,,-3914.4,Accounts Payable (A/P)
11/18/2024,0919,Fedex,Invoice 8-675-76725,-11.56,Fedex
11/18/2024,0920,California Department of Tax and Fee,,-18.65,Taxes paid
11/18/2025,ACH,Eagle Warehouse & Distribution Center Inc,,-3733.66,Accounts Payable (A/P)
11/21/2024,0921,Edward Lee Arthur Jr,,-100.0,Accounts Payable (A/P)
11/21/2024,ACH,Eagle Warehouse & Distribution Center Inc,,-2552.0,Accounts Payable (A/P)
12/01/2024,0923,Brothers Printing,,-3090.38,Accounts Payable (A/P)
12/01/2024,0925,Adaptive Marketing LLC,,-2000.0,Accounts Payable (A/P)
12/01/2024,0924,Yotpo,,-1277.92,Accounts Payable (A/P)
12/01/2024,0922,O Mustad & Sons,,-13516.17,Accounts Payable (A/P)
12/01/2025,,Army Bass Anglers Enterprise LLC,,-5000.0,Accounts Payable (A/P)
12/02/2025,,Jeremy Francis,,-1200.0,Accounts Payable (A/P)
12/03/2024,0926,Brothers Printing,,-1732.23,Accounts Payable (A/P)
12/09/2024,0930,Coastal Sports Distributors LLC,,-362.5,Accounts Payable (A/P)
12/09/2024,ACH,Jeremy Francis,,-1200.0,Accounts Payable (A/P)
12/09/2024,0928,Shane Park Media Group LLC,,-1500.0,Accounts Payable (A/P)
12/09/2024,0927,Edward Lee Arthur Jr,,-100.0,Accounts Payable (A/P)
12/09/2024,ACH,Eagle Warehouse & Distribution Center Inc,,-3280.07,Accounts Payable (A/P)
12/09/2024,ACH,Jeremy Francis,,-400.0,Accounts Payable (A/P)
12/09/2024,0929,Michael Meisenheimer,,-1250.0,Accounts Payable (A/P)
12/09/2025,1017,Brothers Printing,,-2007.46,Accounts Payable (A/P)
12/10/2025,1021,Brothers Printing,,-1960.7,Accounts Payable (A/P)
12/10/2025,1022,Rochelle Johansen Mitchell,,-4500.0,Visa 0270
12/10/2025,1019,Dove Fishing LLC,,-1250.0,Accounts Payable (A/P)
12/10/2025,ACH,Eagle Warehouse & Distribution Center Inc,,-2264.0,Accounts Payable (A/P)
12/10/2025,ACH,Eagle Warehouse & Distribution Center Inc,,-3202.97,Accounts Payable (A/P)
12/10/2025,1018,Michael Meisenheimer,,-1250.0,Accounts Payable (A/P)
12/10/2025,1020,Shane Park Media Group LLC,,-1500.0,Accounts Payable (A/P)
12/12/2024,0931,Brothers Printing,,-1977.09,Accounts Payable (A/P)
12/16/2025,WIRE,Weihai Runten Industrial Limited,,-5452.5,Accounts Payable (A/P)
12/16/2025,ACH,GrandeBass Maximus Outdoors,,-4125.0,Accounts Payable (A/P)
12/17/2025,1023,"Z-Man Fishing Products, Inc.",,-8183.51,Accounts Payable (A/P)
12/19/2025,1024,Rochelle Johansen Mitchell,,-2000.0,Visa 0270
12/26/2024,ACH,Eagle Warehouse & Distribution Center Inc,,-3098.18,Accounts Payable (A/P)
12/29/2025,ACH,Weihai Runten Industrial Limited,,-8065.0,Accounts Payable (A/P)
