Date,Transaction Type,Total Sales,Amount,Transfer Date,Status,Balance
2025-09-23,funding,"","$140,000.00 USD",2025-09-23,pending,"$140,000.00 USD"
2025-09-23,interest,"","$1,540.00 USD",2025-09-23,completed,"$141,540.00 USD"
2025-09-24,payment,"$4,454.57 USD",-$579.09 USD,2025-09-25,completed,"$140,960.91 USD"
2025-09-25,payment,"$4,909.30 USD",-$638.21 USD,2025-09-28,completed,"$140,322.70 USD"
2025-09-26,payment,"$4,140.06 USD",-$538.21 USD,2025-09-29,completed,"$139,784.49 USD"
2025-09-27,payment,"$3,155.52 USD",-$410.22 USD,2025-09-30,completed,"$139,374.27 USD"
2025-09-28,payment,"$3,016.61 USD",-$392.16 USD,2025-09-30,completed,"$138,982.11 USD"
2025-09-29,payment,"$2,579.76 USD",-$335.37 USD,2025-09-30,completed,"$138,646.74 USD"
2025-09-30,payment,"$4,158.53 USD",-$540.61 USD,2025-10-01,completed,"$138,106.13 USD"
2025-10-01,payment,"$10,860.41 USD","-$1,411.85 USD",2025-10-02,completed,"$136,694.28 USD"
2025-10-02,payment,"$3,902.62 USD",-$507.34 USD,2025-10-05,completed,"$136,186.94 USD"
2025-10-03,payment,"$8,057.22 USD","-$1,047.44 USD",2025-10-06,completed,"$135,139.50 USD"
2025-10-04,payment,"$3,812.43 USD",-$495.62 USD,2025-10-07,completed,"$134,643.88 USD"
2025-10-05,payment,"$2,611.51 USD",-$339.50 USD,2025-10-07,completed,"$134,304.38 USD"
2025-10-06,payment,"$5,157.12 USD",-$670.43 USD,2025-10-07,completed,"$133,633.95 USD"
2025-10-07,payment,"$4,546.64 USD",-$591.06 USD,2025-10-08,completed,"$133,042.89 USD"
2025-10-08,payment,"$2,853.33 USD",-$370.93 USD,2025-10-09,completed,"$132,671.96 USD"
2025-10-09,payment,"$3,112.02 USD",-$404.56 USD,2025-10-13,completed,"$132,267.40 USD"
2025-10-10,payment,"$2,715.57 USD",-$353.02 USD,2025-10-14,completed,"$131,914.38 USD"
2025-10-11,payment,"$2,950.39 USD",-$383.55 USD,2025-10-15,completed,"$131,530.83 USD"
2025-10-12,payment,"$2,733.55 USD",-$355.36 USD,2025-10-15,completed,"$131,175.47 USD"
2025-10-13,payment,"$2,940.29 USD",-$382.24 USD,2025-10-15,completed,"$130,793.23 USD"
2025-10-14,payment,"$3,098.86 USD",-$402.85 USD,2025-10-15,completed,"$130,390.38 USD"
2025-10-15,payment,"$4,154.24 USD",-$540.05 USD,2025-10-16,completed,"$129,850.33 USD"
2025-10-16,payment,"$4,057.92 USD",-$527.53 USD,2025-10-19,completed,"$129,322.80 USD"
2025-10-17,payment,"$3,910.16 USD",-$508.32 USD,2025-10-20,completed,"$128,814.48 USD"
2025-10-18,payment,"$3,233.54 USD",-$420.36 USD,2025-10-21,completed,"$128,394.12 USD"
2025-10-19,payment,"$2,721.19 USD",-$353.75 USD,2025-10-21,completed,"$128,040.37 USD"
2025-10-20,payment,"$3,419.77 USD",-$444.57 USD,2025-10-21,completed,"$127,595.80 USD"
2025-10-21,payment,"$3,887.26 USD",-$505.34 USD,2025-10-22,completed,"$127,090.46 USD"
2025-10-22,payment,"$4,559.82 USD",-$592.78 USD,2025-10-23,completed,"$126,497.68 USD"
2025-10-23,interest,"","$1,540.00 USD",2025-10-23,completed,"$128,037.68 USD"
2025-10-23,payment,"$3,814.96 USD",-$495.94 USD,2025-10-26,completed,"$127,541.74 USD"
2025-10-24,payment,"$3,113.28 USD",-$404.73 USD,2025-10-27,completed,"$127,137.01 USD"
2025-10-25,payment,"$4,303.52 USD",-$559.46 USD,2025-10-28,completed,"$126,577.55 USD"
2025-10-26,payment,"$2,807.39 USD",-$364.96 USD,2025-10-28,completed,"$126,212.59 USD"
2025-10-27,payment,"$1,642.62 USD",-$213.54 USD,2025-10-28,completed,"$125,999.05 USD"
2025-10-28,payment,"$2,654.41 USD",-$345.07 USD,2025-10-29,completed,"$125,653.98 USD"
2025-10-29,payment,"$2,516.62 USD",-$327.16 USD,2025-10-30,completed,"$125,326.82 USD"
2025-10-30,payment,"$4,210.65 USD",-$547.38 USD,2025-11-02,completed,"$124,779.44 USD"
2025-10-31,payment,"$2,170.32 USD",-$282.14 USD,2025-11-03,completed,"$124,497.30 USD"
2025-11-01,payment,"$6,681.14 USD",-$868.55 USD,2025-11-04,completed,"$123,628.75 USD"
2025-11-02,payment,"$2,723.51 USD",-$354.06 USD,2025-11-04,completed,"$123,274.69 USD"
2025-11-03,payment,"$5,290.25 USD",-$687.73 USD,2025-11-04,completed,"$122,586.96 USD"
2025-11-04,payment,"$6,626.69 USD",-$861.47 USD,2025-11-05,completed,"$121,725.49 USD"
2025-11-05,payment,"$3,705.68 USD",-$481.74 USD,2025-11-06,completed,"$121,243.75 USD"
2025-11-06,payment,"$6,165.63 USD",-$801.53 USD,2025-11-09,completed,"$120,442.22 USD"
2025-11-07,payment,"$4,309.10 USD",-$560.18 USD,2025-11-11,completed,"$119,882.04 USD"
2025-11-08,payment,"$2,696.48 USD",-$350.54 USD,2025-11-12,completed,"$119,531.50 USD"
2025-11-09,payment,"$5,701.16 USD",-$741.15 USD,2025-11-12,completed,"$118,790.35 USD"
2025-11-10,payment,"$3,689.29 USD",-$479.61 USD,2025-11-12,completed,"$118,310.74 USD"
2025-11-11,payment,"$3,043.18 USD",-$395.61 USD,2025-11-13,completed,"$117,915.13 USD"
2025-11-12,payment,"$2,659.20 USD",-$345.70 USD,2025-11-13,completed,"$117,569.43 USD"
2025-11-13,payment,"$5,070.90 USD",-$659.22 USD,2025-11-16,completed,"$116,910.21 USD"
2025-11-14,payment,"$4,131.60 USD",-$537.11 USD,2025-11-17,completed,"$116,373.10 USD"
2025-11-15,payment,"$5,801.30 USD",-$754.17 USD,2025-11-18,completed,"$115,618.93 USD"
2025-11-16,payment,"$4,503.75 USD",-$585.49 USD,2025-11-18,completed,"$115,033.44 USD"
2025-11-17,payment,"$2,309.78 USD",-$300.27 USD,2025-11-18,completed,"$114,733.17 USD"
2025-11-18,payment,"$3,469.46 USD",-$451.03 USD,2025-11-19,completed,"$114,282.14 USD"
2025-11-19,payment,"$2,812.96 USD",-$365.68 USD,2025-11-20,completed,"$113,916.46 USD"
2025-11-20,payment,"$4,856.11 USD",-$631.29 USD,2025-11-23,completed,"$113,285.17 USD"
2025-11-21,payment,"$6,513.89 USD",-$846.81 USD,2025-11-24,completed,"$112,438.36 USD"
2025-11-22,payment,"$7,030.56 USD",-$913.97 USD,2025-11-25,completed,"$111,524.39 USD"
2025-11-23,interest,"","$1,540.00 USD",2025-11-23,completed,"$113,064.39 USD"
2025-11-23,payment,"$3,546.25 USD",-$461.01 USD,2025-11-25,completed,"$112,603.38 USD"
2025-11-24,payment,"$4,986.32 USD",-$648.22 USD,2025-11-25,completed,"$111,955.16 USD"
2025-11-25,payment,"$7,190.92 USD",-$934.82 USD,2025-11-27,completed,"$111,020.34 USD"
2025-11-26,payment,"$6,770.56 USD",-$880.17 USD,2025-11-30,completed,"$110,140.17 USD"
2025-11-27,payment,"$6,310.58 USD",-$820.38 USD,2025-12-01,completed,"$109,319.79 USD"
2025-11-28,payment,"$10,766.62 USD","-$1,399.66 USD",2025-12-01,completed,"$107,920.13 USD"
2025-11-29,payment,"$11,038.87 USD","-$1,435.05 USD",2025-12-02,completed,"$106,485.08 USD"
2025-11-30,payment,"$10,759.78 USD","-$1,398.77 USD",2025-12-02,completed,"$105,086.31 USD"
2025-12-01,payment,"$8,690.21 USD","-$1,129.73 USD",2025-12-02,completed,"$103,956.58 USD"
2025-12-02,payment,"$5,354.02 USD",-$696.02 USD,2025-12-03,completed,"$103,260.56 USD"
2025-12-03,payment,"$10,358.09 USD","-$1,346.55 USD",2025-12-04,completed,"$101,914.01 USD"
2025-12-04,payment,"$5,560.30 USD",-$722.84 USD,2025-12-07,completed,"$101,191.17 USD"
2025-12-05,payment,"$4,896.01 USD",-$636.48 USD,2025-12-08,completed,"$100,554.69 USD"
2025-12-06,payment,"$8,169.95 USD","-$1,062.09 USD",2025-12-09,completed,"$99,492.60 USD"
2025-12-07,payment,"$5,446.55 USD",-$708.05 USD,2025-12-09,completed,"$98,784.55 USD"
2025-12-08,payment,"$4,650.41 USD",-$604.55 USD,2025-12-09,completed,"$98,180.00 USD"
2025-12-09,payment,"$4,440.62 USD",-$577.28 USD,2025-12-10,completed,"$97,602.72 USD"
2025-12-10,payment,"$9,422.14 USD","-$1,224.88 USD",2025-12-11,completed,"$96,377.84 USD"
2025-12-11,payment,"$7,648.85 USD",-$994.35 USD,2025-12-14,completed,"$95,383.49 USD"
2025-12-12,payment,"$6,437.26 USD",-$836.84 USD,2025-12-15,completed,"$94,546.65 USD"
2025-12-13,payment,"$5,687.30 USD",-$739.35 USD,2025-12-16,completed,"$93,807.30 USD"
2025-12-14,payment,"$5,432.06 USD",-$706.17 USD,2025-12-16,completed,"$93,101.13 USD"
2025-12-15,payment,"$7,067.65 USD",-$918.79 USD,2025-12-16,completed,"$92,182.34 USD"
2025-12-16,payment,"$9,635.59 USD","-$1,252.63 USD",2025-12-17,completed,"$90,929.71 USD"
2025-12-17,payment,"$4,630.04 USD",-$601.91 USD,2025-12-18,completed,"$90,327.80 USD"
2025-12-18,payment,"$7,449.56 USD",-$968.44 USD,2025-12-21,completed,"$89,359.36 USD"
2025-12-19,payment,"$6,671.45 USD",-$867.29 USD,2025-12-22,completed,"$88,492.07 USD"
2025-12-20,payment,"$6,364.36 USD",-$827.37 USD,2025-12-23,completed,"$87,664.70 USD"
2025-12-21,payment,"$2,901.39 USD",-$377.18 USD,2025-12-23,completed,"$87,287.52 USD"
2025-12-22,payment,"$5,082.56 USD",-$660.73 USD,2025-12-23,completed,"$86,626.79 USD"
2025-12-23,interest,"","$1,540.00 USD",2025-12-23,completed,"$88,166.79 USD"
2025-12-23,payment,"$4,345.66 USD",-$564.94 USD,2025-12-25,completed,"$87,601.85 USD"
2025-12-24,payment,"$4,409.03 USD",-$573.17 USD,2025-12-28,completed,"$87,028.68 USD"
2025-12-25,payment,"$3,821.26 USD",-$496.76 USD,2025-12-29,completed,"$86,531.92 USD"
2025-12-26,payment,"$5,036.97 USD",-$654.81 USD,2025-12-29,completed,"$85,877.11 USD"
2025-12-27,payment,"$3,384.32 USD",-$439.96 USD,2025-12-30,completed,"$85,437.15 USD"
2025-12-28,payment,"$3,727.25 USD",-$484.54 USD,2025-12-30,completed,"$84,952.61 USD"
2025-12-29,payment,"$2,919.55 USD",-$379.54 USD,2025-12-30,completed,"$84,573.07 USD"
2025-12-30,payment,"$5,023.18 USD",-$653.01 USD,2026-01-01,completed,"$83,920.06 USD"
2025-12-31,payment,"$4,032.23 USD",-$524.19 USD,2026-01-04,completed,"$83,395.87 USD"
2026-01-01,payment,"$6,890.09 USD",-$895.71 USD,2026-01-05,completed,"$82,500.16 USD"
2026-01-02,payment,"$4,837.22 USD",-$628.84 USD,2026-01-05,completed,"$81,871.32 USD"
2026-01-03,payment,"$6,915.72 USD",-$899.04 USD,2026-01-06,completed,"$80,972.28 USD"
2026-01-04,payment,"$1,884.37 USD",-$244.97 USD,2026-01-06,completed,"$80,727.31 USD"
2026-01-05,payment,"$2,115.45 USD",-$275.01 USD,2026-01-06,completed,"$80,452.30 USD"
2026-01-06,payment,"$7,658.46 USD",-$995.60 USD,2026-01-07,completed,"$79,456.70 USD"
2026-01-07,payment,"$3,515.57 USD",-$457.02 USD,2026-01-08,completed,"$78,999.68 USD"
2026-01-08,payment,"$2,813.47 USD",-$365.75 USD,2026-01-11,completed,"$78,633.93 USD"
2026-01-09,payment,"$4,319.34 USD",-$561.51 USD,2026-01-12,completed,"$78,072.42 USD"
2026-01-10,payment,"$2,832.12 USD",-$368.18 USD,2026-01-13,completed,"$77,704.24 USD"
2026-01-11,payment,"$4,051.54 USD",-$526.70 USD,2026-01-13,completed,"$77,177.54 USD"
2026-01-12,payment,"$3,010.83 USD",-$391.41 USD,2026-01-13,completed,"$76,786.13 USD"
2026-01-13,payment,"$3,008.81 USD",-$391.15 USD,2026-01-14,completed,"$76,394.98 USD"
2026-01-14,payment,"$3,939.63 USD",-$512.15 USD,2026-01-15,completed,"$75,882.83 USD"
2026-01-15,payment,"$4,353.22 USD",-$565.92 USD,2026-01-19,completed,"$75,316.91 USD"
2026-01-16,payment,"$4,892.81 USD",-$636.07 USD,2026-01-20,completed,"$74,680.84 USD"
2026-01-17,payment,"$2,975.24 USD",-$386.78 USD,2026-01-21,completed,"$74,294.06 USD"
2026-01-18,payment,"$3,869.72 USD",-$503.06 USD,2026-01-21,completed,"$73,791.00 USD"
2026-01-19,payment,"$2,515.70 USD",-$327.04 USD,2026-01-21,completed,"$73,463.96 USD"
2026-01-20,payment,"$5,754.20 USD",-$748.05 USD,2026-01-21,completed,"$72,715.91 USD"
2026-01-21,payment,"$2,585.10 USD",-$336.06 USD,2026-01-22,completed,"$72,379.85 USD"
2026-01-22,payment,"$3,829.14 USD",-$497.79 USD,2026-01-25,completed,"$71,882.06 USD"
2026-01-23,interest,"","$1,540.00 USD",2026-01-23,completed,"$73,422.06 USD"
2026-01-23,payment,"$4,444.44 USD",-$577.78 USD,2026-01-26,completed,"$72,844.28 USD"
2026-01-24,payment,"$7,256.00 USD",-$943.28 USD,2026-01-27,completed,"$71,901.00 USD"
2026-01-25,payment,"$2,831.06 USD",-$368.04 USD,2026-01-27,completed,"$71,532.96 USD"
2026-01-26,payment,"$2,867.32 USD",-$372.75 USD,2026-01-27,completed,"$71,160.21 USD"
2026-01-27,payment,"$2,894.96 USD",-$376.34 USD,2026-01-28,completed,"$70,783.87 USD"
2026-01-28,payment,"$5,090.89 USD",-$661.82 USD,2026-01-29,completed,"$70,122.05 USD"
2026-01-29,payment,"$5,245.00 USD",-$681.85 USD,2026-02-01,completed,"$69,440.20 USD"
2026-01-30,payment,"$9,551.85 USD","-$1,241.74 USD",2026-02-02,completed,"$68,198.46 USD"
2026-01-31,payment,"$5,050.78 USD",-$656.60 USD,2026-02-03,completed,"$67,541.86 USD"
2026-02-01,payment,"$1,359.83 USD",-$176.78 USD,2026-02-03,completed,"$67,365.08 USD"
2026-02-02,payment,"$1,551.98 USD",-$201.76 USD,2026-02-03,completed,"$67,163.32 USD"
2026-02-03,payment,"$1,329.86 USD",-$172.88 USD,2026-02-04,completed,"$66,990.44 USD"
2026-02-04,payment,"$3,100.61 USD",-$403.08 USD,2026-02-05,pending,"$66,587.36 USD"
