,Jan 2024,,Feb 2024,,Mar 2024,,Apr 2024,,May 2024,,Jun 2024,,Jul 2024,,Aug 2024,,Sep 2024,,Oct 2024,,Nov 2024,,Dec 2024,,Jan 2025,,Feb 2025,,Mar 2025,,Apr 2025,,May 2025,,Jun 2025,,Jul 2025,,Aug 2025,,Sep 2025,,Oct 2025,,Nov 2025,,Dec 2025,
,Debit,Credit,Debit,Credit,Debit,Credit,Debit,Credit,Debit,Credit,Debit,Credit,Debit,Credit,Debit,Credit,Debit,Credit,Debit,Credit,Debit,Credit,Debit,Credit,Debit,Credit,Debit,Credit,Debit,Credit,Debit,Credit,Debit,Credit,Debit,Credit,Debit,Credit,Debit,Credit,Debit,Credit,Debit,Credit,Debit,Credit,Debit,Credit
Business Banking- 7065,0,,0,,0,,0,,0,,0,,0,,0,,0,,0,,0,0,0,0,0,0,0,0,0,,0,0,0,0,0,0,0,0,0,0,0,0,0,0,0,0,0,0
Business Checking - 1203,0,,0,,0,,0,,0,,0,,0,,0,,0,,0,,0,,0,,0,,0,,0,,0,,0,,0,,0,,0,,0,,0,,0,,0,
Business Savings- 7944,0,,0,,0,,0,,0,,0,,0,,0,,0,,0,,0,,0,,0,,0,,0,,0,,0,,0,,0,,0,,0,,0,,0,,0,
Inventory Asset,0,,0,,0,,0,,0,,0,,0,,0,,0,,0,,0,,0,,0,,0,,0,,0,,0,,0,,0,,0,,0,,0,,0,,0,
Outlet Bait and Tackle,0,,0,0,0,0,0,0,0,0,0,0,0,0,0,0,0,0,0,0,0,0,0,0,0,0,0,0,0,0,0,0,0,0,0,0,0,0,0,0,0,0,0,0,0,0,0,0
Website Development,0,,0,0,0,0,0,0,0,0,0,0,0,0,0,0,0,0,0,0,0,0,0,0,0,0,0,0,0,0,0,0,0,0,0,0,0,0,0,0,0,0,0,0,0,0,0,0
Accounts Payable (A/P),,0,,0,,0,,0,,0,,0,,0,,0,,0,,0,,0,,0,,0,,0,,0,,0,,0,,0,,0,,0,,0,,0,,0,,0
Credit Card:Amex,,0,,0,,0,,0,,0,,0,,0,,0,,0,,0,,0,,0,,0,,0,,0,,0,,0,,0,,0,,0,,0,,0,,0,,0
Credit Card:BofA VIsa 8433,,,0,0,0,0,0,0,0,0,0,0,0,0,0,0,0,0,0,0,,0,,0,,0,,0,,0,,0,,0,,0,,0,,0,,0,,0,,0,,0
Credit Card:Brex Card Account,,0,,0,,0,,0,,0,,0,,0,,0,,0,,0,,0,,0,,0,,0,,0,,0,,0,,0,,0,,0,,0,,0,,0,,0
Credit Card:Chase CC (deleted),,0,,0,,0,,0,,0,,0,,0,,0,,0,,0,,0,0,0,0,0,0,0,0,0,0,0,0,0,0,0,0,0,0,0,0,0,0,0,0,0,0,0
Credit Card:Chase Visa (5176) (5184),,0,,0,,0,,0,,0,,0,,0,,0,,0,,0,,0,,0,,0,,0,,0,,0,,0,,0,,0,,0,,0,,0,,0,,0
Credit Card:Shopify Credit Card,,,0,0,0,0,0,0,0,0,0,0,0,0,0,0,0,0,0,0,0,0,0,0,0,0,0,0,0,0,0,0,0,0,0,0,0,0,0,0,,0,,0,,0,,0
Credit Card:Visa 0270,,0,,0,,0,,0,,0,,0,,0,,0,,0,,0,,0,0,0,0,0,0,0,0,0,0,0,0,0,0,0,0,0,,0,,0,,0,,0,,0
Loans:Maximus Outdoors,,0,,0,0,0,,0,,0,,0,,0,0,0,0,0,0,0,0,0,,0,0,0,0,0,0,0,,0,0,0,0,0,0,0,0,0,,0,0,0,0,0,0,0
Loans:SBA,,0,0,0,0,0,0,0,0,0,0,0,0,0,0,0,0,0,0,0,0,0,,0,0,0,0,0,0,0,0,0,0,0,0,0,0,0,0,0,0,0,0,0,0,0,0,0
Loans:SBA7a,,0,,0,,0,,0,,0,,0,,0,,0,,0,,0,,0,,0,,0,,0,,0,,0,,0,,0,,0,,0,,0,,0,,0,,0
Loans:Shopify Capital,,,0,0,0,0,0,0,0,0,0,0,0,0,0,0,0,0,0,0,0,0,0,0,0,0,0,0,0,0,0,0,0,0,0,0,0,0,0,0,,0,,0,,0,,0
Maximus GrandeBass Loan,,0,,0,0,0,0,0,0,0,0,0,0,0,0,0,0,0,0,0,0,0,0,0,0,0,0,0,0,0,0,0,0,0,0,0,0,0,0,0,0,0,0,0,0,0,0,0
Shareholder Notes Payable,,0,0,0,0,0,0,0,0,0,0,0,0,0,0,0,0,0,0,0,0,0,0,0,0,0,0,0,0,0,0,0,0,0,0,0,0,0,0,0,0,0,0,0,0,0,0,0
Executive Pay,,,0,0,0,,0,,0,,0,,0,,0,,0,,0,,0,,0,,0,,0,,0,,0,,0,,0,,0,,0,,0,,0,,0,,0,0
Members Equity,,0,0,0,0,0,0,0,0,0,0,0,0,0,0,0,0,0,0,0,0,0,0,0,0,0,0,0,0,0,0,0,0,0,0,0,0,0,0,0,0,0,0,0,0,0,0,0
Opening balance equity,0,,0,0,0,0,0,0,0,0,0,0,0,0,0,0,0,0,0,0,0,0,0,0,0,0,0,0,0,0,0,0,0,0,0,0,0,0,0,0,0,0,0,0,0,0,0,0
Retained Earnings,0,,0,0,0,0,0,0,0,0,0,0,0,0,0,0,0,0,0,0,0,0,0,0,0,,0,0,0,0,0,0,0,0,0,0,0,0,0,0,0,0,0,0,0,0,0,0
Sales:Amazon,,0,,0,,0,,0,,0,,0,,0,,0,,0,,0,,0,,0,,0,,0,0,0,,0,,0,,0,,0,,0,,0,,0,,0,,0
Sales:Other Sales Income,,,0,0,0,0,0,0,0,0,,0,,0,,0,,0,,0,,0,,0,,0,,0,,0,,0,,0,,0,,0,,0,,0,,0,,0,,0
Sales:PayPal,,0,,0,,0,,0,,0,,0,,0,,0,,0,,0,,0,,0,,0,,0,,0,,0,,0,,0,,0,,0,,0,,0,,0,,0
Sales:Retail,,0,,0,,0,0,0,,0,0,0,,0,,0,,0,0,0,0,0,0,0,,,0,0,0,0,0,0,0,0,,0,,0,,0,,0,,0,,0,0,0
Sales:Shopify,,0,,0,,0,,0,,0,,0,,0,,0,,0,,0,,0,,0,,0,,0,,0,,0,,0,,0,,0,,0,,0,,0,,0,,0
Sales:Stripe,,0,,0,,0,,0,,0,,0,,0,,0,,0,,0,,0,,0,,0,,0,,0,,0,,0,,0,,0,,0,,0,,0,,0,,0
Cost of Goods Sold:Apparel,,,0,0,0,0,0,0,0,,0,,0,,0,,0,,0,,0,,0,,0,,0,,0,,0,,0,,0,,0,,0,,0,,0,,0,,0,
Cost of Goods Sold:Freight,0,,0,,0,,0,,0,,0,,0,,0,,0,,0,,0,,0,0,0,,0,,0,,0,,0,,0,,0,,0,,0,,0,,0,0,0,
Cost of Goods Sold:Mailer Items,0,,0,,0,,0,,0,,0,,0,,0,0,0,,0,,0,,0,,,,0,,0,,0,,0,,0,,0,,0,,0,0,0,,0,,0,
Cost of Goods Sold:Other Costs of Services - COS,0,,0,,0,0,0,,0,0,0,0,0,,0,0,0,,0,,0,0,0,0,0,,0,,0,,0,,0,,0,0,0,,0,0,0,0,0,,0,,0,0
Cost of Goods Sold:Product Sold,0,,0,,0,,0,,0,,0,,0,,0,,0,,0,,0,,0,,0,,0,,0,,0,,0,,0,,0,,0,,0,,0,,0,,0,
Cost of Goods Sold:Supplies & materials,,,0,0,0,,,0,,0,0,0,0,0,0,0,0,0,0,0,0,0,0,0,,,0,0,0,0,0,,0,,0,0,0,,0,,0,,0,,0,,0,
Cost of Goods Sold:Warehouse Service,0,,0,,0,,0,,0,,0,,0,,0,,0,,0,,0,,0,,0,,0,,0,,0,,0,,0,,0,,0,,0,,0,,0,,0,
Cost of Goods Sold:Wharehouse Supplies,0,,0,0,0,0,0,,0,,0,,0,0,0,0,0,,0,0,0,0,0,0,,,0,0,0,0,0,0,0,0,0,0,0,0,0,0,0,0,0,0,0,0,0,0
Shipping:DHL,0,,0,,0,0,0,0,0,0,0,0,0,0,0,0,0,0,0,0,0,0,0,0,,,0,0,0,0,0,0,0,0,0,0,0,0,0,0,0,0,0,0,0,0,0,0
Shipping:Fedex,0,,0,,0,,0,,0,,0,,0,,0,,0,,0,,0,,0,,0,,0,,0,,0,,0,,0,,0,,0,,0,,0,,0,,0,
Shipping:Shipstation,0,,0,,0,0,0,0,0,0,0,0,0,0,0,0,0,0,0,0,0,0,0,0,,,0,0,0,0,0,0,0,0,0,0,0,0,0,0,0,0,0,,0,,0,
Shipping:Stamps and USPS,0,,0,,0,,0,,0,,0,,0,,0,,0,,0,,0,,0,,0,,0,,0,,0,,0,,0,,0,,0,,0,,0,,0,,0,
Advertising & marketing:AirTable,,,0,0,0,0,0,0,0,0,0,0,0,0,0,0,0,0,0,,0,0,0,0,,,0,0,0,0,0,0,0,0,0,0,0,0,0,0,0,0,0,0,0,0,0,0
Advertising & marketing:Content Creation:Edward Arthur,0,,0,,0,,0,,0,,0,,0,,0,,0,,0,,0,,0,,0,,0,,0,,0,,0,0,0,0,0,0,0,0,0,0,0,0,0,0,0,0
Advertising & marketing:Content Creation:Hammer Time,0,,0,,0,,0,,0,,0,,0,,0,,0,0,0,0,0,0,0,0,,,0,0,0,0,0,0,0,0,0,0,0,0,0,0,0,0,0,0,0,0,0,0
Advertising & marketing:Content Creation:James LoDuca,0,,0,,0,,0,,0,,0,,0,,0,,0,0,0,0,0,0,0,0,,,0,0,0,0,0,0,0,0,0,0,0,0,0,0,0,0,0,0,0,0,0,0
Advertising & marketing:Content Creation:Jeremy Francis,0,,0,,0,,0,,0,,0,,0,,0,,0,,0,,0,,0,,0,,0,,0,,0,,0,,0,0,0,0,0,0,0,0,0,0,0,0,0,0
Advertising & marketing:Content Creation:Michael Meisenheimer,,,0,,0,,0,,0,,0,,0,,0,,0,,0,,0,,0,,0,,0,,0,,0,,0,,0,,0,,0,,0,,0,,0,,0,
Advertising & marketing:Content Creation:Shane Park Media,,,0,0,0,0,0,0,0,0,0,0,0,0,0,0,0,,0,,0,,0,,0,,0,,0,,0,,0,,0,,0,,0,,0,,0,,0,,0,
Advertising & marketing:Content Creation:Wishiwazfishin,0,,0,,0,,0,,0,,0,,0,,0,,0,,0,,0,,0,,,,0,0,0,0,0,0,0,0,0,0,0,0,0,0,0,0,0,0,0,0,0,0
Advertising & marketing:Elevar,,,0,0,0,0,0,0,0,0,0,0,0,,0,,0,,0,,0,,0,,0,,0,,0,,0,,0,,0,,0,,0,,0,,0,,0,,0,
Advertising & marketing:Facebook,0,,0,,0,,0,,0,,0,,0,,0,,0,,0,,0,,0,,0,,0,,0,,0,,0,,0,,0,,0,,0,,0,,0,,0,
Advertising & marketing:Google,0,,0,,0,,0,,0,,0,,0,,0,,0,,0,,0,,0,,0,,0,,0,,0,,0,,0,,0,,0,,0,,0,,0,,0,
Advertising & marketing:LinkTree,0,,0,,0,,0,,0,,0,,0,,0,,0,0,0,0,0,0,0,0,,,0,0,0,0,0,0,0,0,0,0,0,0,0,0,0,0,0,0,0,0,0,0
Advertising & marketing:Motion Creation Cloud,,,0,0,0,0,0,0,0,0,0,0,0,0,0,0,0,0,0,,0,,0,0,0,,0,,0,,0,,0,,0,,0,,0,,0,,0,,0,0,0,0
Advertising & marketing:Orange Carrot,0,,0,,0,,0,,0,,0,,0,,0,,0,,0,,0,0,0,,0,,0,,0,,0,,0,,0,,0,,0,,0,0,0,0,0,0,0,0
Advertising & marketing:Other,,,0,0,0,0,0,0,0,0,0,0,0,0,0,,0,,0,,0,,0,0,,,0,0,0,0,0,0,0,0,0,0,0,0,0,,0,0,0,0,0,0,0,0
Advertising & marketing:Post Pilot,,,0,0,0,0,0,0,0,0,0,0,0,,0,,0,,0,,0,0,0,0,,,0,0,0,0,0,0,0,0,0,0,0,0,0,0,,0,0,0,0,0,0,0
Advertising & marketing:Reddit,,,0,,0,,0,,0,,0,0,0,0,0,0,0,0,0,0,0,0,0,0,,,0,0,0,0,0,0,0,0,0,0,0,0,0,0,0,0,0,0,0,0,0,0
Advertising & marketing:Render,,,0,0,0,0,0,0,0,0,0,0,0,0,0,0,0,0,0,,0,0,0,,0,,0,,0,,0,,0,,0,,0,,0,,0,,0,,0,0,0,
Advertising & marketing:ShareASales,,,0,,0,,0,,0,0,0,0,0,0,0,0,0,0,0,0,0,0,0,0,,,0,,0,,0,0,0,0,0,0,0,0,0,0,0,0,0,0,0,0,0,0
Advertising & marketing:Tik Tok,,,0,0,0,0,0,0,0,0,0,0,0,0,0,0,0,0,0,0,0,0,0,0,,,0,0,0,0,0,0,0,0,0,0,0,0,0,0,0,,0,,0,,0,
Advertising & marketing:Trade Shows,,,0,,0,,0,0,0,0,0,0,0,0,0,0,0,0,0,0,0,0,0,0,0,,0,0,0,0,0,0,0,0,0,0,0,,0,0,0,0,0,0,0,0,0,
Advertising & marketing:Website Expenses:3PL,0,,0,,0,0,0,0,0,0,0,0,0,0,0,0,0,0,0,0,0,0,0,0,,,0,0,0,0,0,0,0,0,0,0,0,0,0,0,0,0,0,0,0,0,0,0
Advertising & marketing:Website Expenses:Amped,0,,0,,0,,0,,0,,0,,0,,0,,0,,0,0,0,0,0,0,,,0,0,0,0,0,0,0,0,0,0,0,0,0,0,0,0,0,0,0,0,0,0
Advertising & marketing:Website Expenses:BOIR.Org,,,0,0,0,0,0,0,0,0,0,0,0,0,0,0,0,0,0,0,0,,0,0,,,0,0,0,0,0,0,0,0,0,0,0,0,0,0,0,0,0,0,0,0,0,0
Advertising & marketing:Website Expenses:Churnbuster,0,,0,,0,,0,,0,,0,,0,,0,0,0,0,0,0,0,0,0,0,,,0,0,0,0,0,0,0,0,0,0,0,0,0,0,0,0,0,0,0,0,0,0
Advertising & marketing:Website Expenses:Dynamic Web,0,,0,,0,,0,,0,,0,,0,,0,0,0,0,0,0,0,0,0,0,,,0,0,0,0,0,0,0,0,0,0,0,0,0,0,0,0,0,0,0,0,0,0
Advertising & marketing:Website Expenses:Ecamm,0,,0,,0,,0,,0,,0,,0,,0,,0,,0,,0,,0,,,,0,0,0,0,0,0,0,0,0,0,0,0,0,0,0,0,0,0,0,0,0,0
Advertising & marketing:Website Expenses:GoDaddy,0,,0,,0,,0,,0,,0,,0,,0,,0,,0,,0,,0,,0,,0,,0,,0,,0,,0,,0,,0,,0,,0,,0,,0,
Advertising & marketing:Website Expenses:IPINFO,0,,0,,0,,0,,0,,0,,0,,0,0,0,0,0,0,0,0,0,0,,,0,0,0,0,0,0,0,0,0,0,0,0,0,0,0,0,0,0,0,0,0,0
Advertising & marketing:Website Expenses:Klaviyo,0,,0,,0,,0,,0,,0,,0,,0,,0,,0,,0,,0,,0,,0,,0,,0,,0,,0,,0,,0,0,0,,0,,0,,0,
Advertising & marketing:Website Expenses:Live Recover,0,,0,,0,,0,,0,,0,,0,,0,,0,,0,,0,,0,,0,,0,,0,,0,,0,,0,,0,0,0,0,0,0,0,0,0,0,0,0
Advertising & marketing:Website Expenses:Mailchimp,,,0,0,0,0,0,0,0,0,0,0,0,0,0,0,0,,0,,0,,0,,0,,0,,0,,0,,0,,0,0,0,0,0,0,0,0,0,0,0,0,0,0
Advertising & marketing:Website Expenses:Other,0,,0,,0,,0,,0,,0,,0,,0,,0,,0,,0,,0,,0,,0,,0,,0,,0,,0,,0,,0,,0,,0,,0,,0,
Advertising & marketing:Website Expenses:Shopify,0,,0,,0,,0,,0,,0,,0,,0,,0,,0,,0,,0,,0,,0,,0,,0,,0,,0,,0,,0,,0,,0,,0,,0,
Advertising & marketing:Website Expenses:Slack,0,,0,,0,,0,,0,,0,,0,,0,,0,,0,,0,,0,,0,,0,,0,,0,,0,,0,,0,0,0,0,0,,0,,0,,0,
Advertising & marketing:Website Expenses:StartEngine,,,0,0,0,0,0,,0,,0,0,0,0,0,0,0,,0,0,0,0,0,,,,0,0,0,0,0,0,0,0,0,0,0,0,0,0,0,0,0,0,0,0,0,0
Advertising & marketing:Website Expenses:Sweepwidget,0,,0,,0,,0,,0,,0,0,0,0,0,0,0,0,0,0,0,0,0,0,,,0,0,0,0,0,0,0,0,0,0,0,0,0,0,0,0,0,0,0,0,0,0
Advertising & marketing:Website Expenses:Trello,0,,0,,0,,0,,0,,0,,0,,0,,0,,0,,0,,0,,0,,0,,0,,0,,0,,0,,0,,0,,0,,0,,0,,0,
Advertising & marketing:Website Expenses:Typeform,0,,0,,0,,0,,0,,0,,0,,0,,0,,0,,0,,0,,0,,0,,0,,0,,0,,0,,0,,0,,0,,0,,0,,0,
Advertising & marketing:Website Expenses:Yotpo,0,,0,,0,,0,,0,,0,,0,,0,,0,0,0,,0,,0,,0,,0,,0,,0,,0,,0,,0,,0,,0,,0,,0,,0,
ask my accountant,,,0,0,0,0,0,0,0,0,0,0,0,0,0,0,0,0,0,,0,0,0,0,,,0,0,0,0,0,0,0,0,0,0,0,0,0,0,0,0,0,0,0,0,0,
Auto:Car,0,,0,,0,,0,,0,,0,,0,0,0,0,0,0,0,0,0,0,0,0,,,0,0,0,0,0,0,0,0,0,0,0,0,0,0,0,0,0,0,0,0,0,0
Business licences,0,,0,0,0,0,0,0,0,0,0,0,0,0,0,0,0,0,0,0,0,0,0,,,,0,0,0,0,0,0,0,0,0,0,0,0,0,0,0,0,0,0,0,0,0,0
Commissions & fees,,,0,0,0,0,0,,0,0,0,0,0,0,0,0,0,0,0,0,0,0,0,0,,,0,0,0,0,0,0,0,0,0,0,0,0,0,0,0,0,0,0,0,0,0,0
Computer and Internet Fees,0,,0,,0,,0,,0,,0,,0,,0,,0,,0,,0,,0,,0,,0,,0,,0,,0,,0,,0,,0,,0,,0,,0,,0,
Consulting,,,0,0,0,0,0,0,0,0,0,0,0,0,0,0,0,0,0,0,0,0,0,0,,,0,0,0,0,0,0,0,0,0,0,0,0,0,,0,,0,,0,,0,
Consulting:Army Bass Anglers,,,0,0,0,0,0,0,0,0,0,0,0,0,0,0,0,0,0,0,0,0,0,0,,,0,0,0,0,0,0,0,0,0,0,0,0,0,0,0,0,0,0,0,,0,0
Consulting:Bloom-Zero Omega,0,,0,,0,,0,,0,0,0,0,0,0,0,0,0,0,0,0,0,0,0,0,,,0,0,0,0,0,0,0,0,0,0,0,0,0,0,0,0,0,0,0,0,0,0
Consulting:BYLD,,,0,0,0,0,0,0,0,0,0,0,0,0,0,0,0,0,0,0,0,0,0,0,,,0,0,0,0,0,0,0,0,0,0,0,0,0,,0,,0,,0,,0,
Consulting:Creative Consulting,0,,0,,0,,0,,0,,0,,0,,0,,0,,0,,0,,0,,0,,0,,0,,0,,0,,0,,0,,0,,0,,0,,0,,0,0
Consulting:David McCullough,0,,0,,0,0,0,0,0,0,0,0,0,0,0,0,0,0,0,0,0,0,0,0,,,0,0,0,0,0,0,0,0,0,0,0,0,0,0,0,0,0,0,0,0,0,0
Consulting:Dimension Studios,,,0,0,0,0,0,0,0,0,0,0,0,0,0,0,0,0,0,0,0,0,0,0,,,0,0,0,0,0,0,0,0,0,0,0,0,0,0,0,,0,,0,,0,
Consulting:Fisherman’s Life George A. Large II,0,,0,,0,,0,,0,,0,,0,,0,,0,0,0,0,0,0,0,0,,,0,0,0,0,0,0,0,0,0,0,0,0,0,0,0,0,0,0,0,0,0,0
Consulting:FishonMedia-Jeremy Francis,0,,0,,0,,0,,0,,0,,0,,0,,0,,0,,0,,0,,0,,0,,0,,0,,0,,0,,0,,0,,0,,0,,0,,0,
Consulting:Jared Fix,0,,0,,0,,0,,0,,0,,0,,0,,0,,0,0,0,0,0,0,,,0,,0,0,0,0,0,0,0,0,0,0,0,0,0,0,0,0,0,0,0,0
Consulting:Retention,0,,0,,0,,0,,0,,0,,0,,0,,0,0,0,,0,,0,,0,,0,,0,,0,,0,,0,,0,,0,,0,,0,,0,,0,
Consulting:TrailBlaze Media,0,,0,,0,,0,,0,,0,,0,,0,,0,,0,,0,,0,,0,,0,,0,,0,,0,,0,,0,,0,,0,,0,,0,,0,
Contract labor:Raphie A,0,,0,,0,,0,,0,,0,,0,0,0,0,0,0,0,0,0,0,0,0,,,0,0,0,0,0,0,0,0,0,0,0,0,0,0,0,0,0,0,0,0,0,0
Contract labor:Sarah Bennege Morton,0,,0,,0,,0,,0,,0,,0,,0,,0,,0,0,0,0,0,0,,,0,0,0,0,0,0,0,0,0,0,0,0,0,0,0,0,0,0,0,0,0,0
Donation & Gifts,,,0,0,0,0,0,0,0,0,0,0,0,0,0,0,0,0,0,0,0,0,0,0,0,,0,0,0,0,0,0,0,0,0,0,0,0,0,0,0,0,0,0,0,0,0,0
Dues and Subscriptions,0,,0,,0,,0,,0,,0,,0,,0,,0,,0,,0,,0,,0,,0,,0,,0,,0,,0,,0,,0,,0,,0,,0,,0,
General business expenses:Bank fees & service charges,0,,0,,0,,0,,0,,0,,0,,0,,0,,0,,0,,0,,0,,0,,0,,0,,0,,0,,0,,0,,0,,0,,0,,0,
Gorgias Inc-Customer Service Software,0,,0,,0,,0,,0,,0,,0,,0,,0,,0,,0,,0,,0,,0,,0,,0,,0,,0,,0,,0,,0,,0,,0,,0,0
Insurance:Health,0,,0,,0,,0,,0,,0,,0,,0,,0,,0,,0,,0,,0,,0,,0,,0,,0,,0,,0,,0,,0,,0,,0,,0,
Insurance:Liability insurance,,,0,0,0,0,0,0,0,,0,0,0,0,0,0,0,0,0,0,0,0,0,0,,,0,0,0,0,0,,0,0,0,0,0,0,0,0,0,0,0,0,0,0,0,0
Insurance:Worker Comp,0,,0,,0,,0,,0,,0,,0,,0,,0,,0,,0,,0,,0,,0,,0,,0,,0,,0,,0,,0,,0,,0,,0,,0,
Interest paid:Business loan interest,0,,0,,0,,0,,0,,0,,0,,0,,0,,0,,0,,0,,0,,0,,0,,0,,0,,0,,0,,0,,0,,0,,0,,0,
Interest paid:Credit card interest,0,,0,,0,,0,0,0,0,0,0,0,0,0,0,0,0,0,,0,,0,0,,,0,0,0,0,0,0,0,0,0,0,0,0,0,0,0,0,0,0,0,0,0,0
Legal & accounting services,0,,0,,0,,0,,0,,0,,0,0,0,,0,,0,0,0,,0,,0,,0,,0,,0,0,0,0,0,,0,0,0,,0,,0,0,0,0,0,0
Legal & accounting services:Accounting fees,,,0,0,0,0,0,0,0,0,0,0,0,0,0,0,0,0,0,0,0,0,0,0,,,0,0,0,0,0,0,0,0,0,0,0,0,0,0,0,0,0,0,0,0,0,
Meals,,,0,0,0,0,0,,0,0,0,0,0,0,0,0,0,,0,0,0,0,0,0,,,0,0,0,0,0,0,0,0,0,0,0,0,0,0,0,0,0,0,0,0,0,0
Office expenses,0,,0,,0,,0,,0,,0,,0,,0,,0,0,0,,0,,0,,0,,0,,0,,0,,0,0,0,0,0,,0,,0,,0,0,0,,0,
Office expenses:Shipping & postage,,,0,0,0,0,0,,0,,0,0,0,,0,0,0,0,0,0,0,0,0,0,,,0,0,0,0,0,0,0,0,0,0,0,0,0,0,0,0,0,0,0,0,0,
Payroll Expenses:401k,,,0,0,0,0,0,0,0,0,0,0,0,0,0,0,0,0,0,0,0,0,0,0,,,0,0,0,0,0,0,0,,0,,0,,0,,0,0,0,0,0,0,0,0
Payroll Expenses:Payroll Fee,0,,0,,0,,0,,0,,0,,0,,0,,0,,0,,0,,0,,0,,0,,0,,0,,0,,0,,0,,0,,0,,0,,0,,0,
Payroll Expenses:Payroll taxes,0,,0,,0,,0,,0,,0,,0,,0,,0,,0,,0,,0,,0,,0,,0,,0,,0,,0,,0,,0,,0,,0,,0,,0,
Payroll Expenses:Wages,0,,0,,0,,0,,0,,0,,0,,0,,0,,0,,0,,0,,0,,0,,0,,0,,0,,0,,0,,0,,0,,0,,0,,0,
Taxes paid,0,,0,0,0,,0,,0,,0,,0,,0,,0,0,0,,0,,0,0,0,,0,0,0,,0,0,0,0,0,,0,,0,0,0,0,0,,0,0,0,0
Travel:Airfare,,,0,0,0,0,0,0,0,0,0,0,0,0,0,0,0,,0,0,0,,0,,,,0,0,0,0,0,0,0,0,0,0,0,0,0,0,0,0,0,0,0,0,0,0
Travel:Hotels,,,0,0,0,0,0,0,0,0,0,0,0,0,0,0,0,0,0,0,0,0,0,,,,0,0,0,0,0,0,0,0,0,0,0,0,0,0,0,0,0,0,0,0,0,0
Travel:Taxis or shared rides,,,0,0,0,0,0,0,0,0,0,0,0,0,0,0,0,0,0,0,0,0,0,,,,0,0,0,0,0,0,0,0,0,0,0,0,0,0,0,0,0,0,0,0,0,0
Utilities:Phone service,0,,0,,0,,0,,0,,0,,0,,0,,0,,0,,0,,0,,0,,0,,0,0,0,,0,,0,,0,,0,,0,,0,,0,,0,0
Cash Back Rewards - Not Taxable,,,,0,0,0,0,0,,0,0,0,0,0,0,0,0,0,,0,,0,0,0,,0,,0,,0,,0,,0,,0,,0,,0,,0,,0,,0,,0
Other income:Interest earned,,0,,0,,0,,0,,0,,0,,0,,0,,0,,0,,0,,0,,0,,0,,0,,0,,0,,0,,0,,0,,0,,0,,0,,0
Other income:Start Engine,,,0,0,0,0,0,0,0,0,0,0,0,0,0,0,0,0,0,0,0,0,0,0,,,0,0,0,0,,0,,0,0,0,0,0,0,0,0,0,0,0,0,0,0,0
Vehicle expenses:Parking & tolls,,,0,,0,,0,,0,,0,0,0,0,0,0,0,0,0,0,0,0,0,0,,,0,,0,0,0,0,0,0,0,0,0,0,0,0,0,0,0,0,0,,0,
Vehicle expenses:Vehicle insurance,,,0,0,0,0,0,,0,0,0,0,0,0,0,0,0,0,0,0,0,0,0,0,,,0,0,0,0,0,0,0,0,0,0,0,0,0,0,0,0,0,0,0,0,0,0
TOTAL,0,0,0,0,0,0,0,0,0,0,0,0,0,0,0,0,0,0,0,0,0,0,0,0,0,0,0,0,0,0,0,0,0,0,0,0,0,0,0,0,0,0,0,0,0,0,0,0
"Friday, Jan 30, 2026 01:49:34 PM GMT-8 - Accrual Basis",,,,,,,,,,,,,,,,,,,,,,,,,,,,,,,,,,,,,,,,,,,,,,,,
