sku,product_name,barcode,revenue,quantity,avg_unit_cost,total_cost,gross_margin,margin_pct,match_method,cost_vendor,cost_entries
kids-welcome,Create A Bait - Kid's Fishing Kit,,18856.71,920,225.0,207000.0,-188143.29,-997.8,fuzzy_name,Weihai Runten Industrial Limited,8
SILVER-NEW,SILVER,,16972.52,831,190.0,157890.0,-140917.48,-830.3,fuzzy_name,Weihai Runten Industrial Limited,1
kids-29,Kid's Create a Bait Fishing Kit - Fun Size,,13344.82,385,225.0,86625.0,-73280.18,-549.1,fuzzy_name,Weihai Runten Industrial Limited,8
kids-49,Kid's Create a Bait Fishing Kit - Super Fun Size,,6659.7,112,225.0,25200.0,-18540.3,-278.4,fuzzy_name,Weihai Runten Industrial Limited,8
BFS-2,LUNKERSTICK™ - BFS Series - Ultra-Finesse,810103812505,5518.8,24,4136.0,99264.0,-93745.2,-1698.7,UPC,Fishing Capital Co,1
BFS-1,LUNKERSTICK™ - BFS Series - Finesse,810103812499,5518.8,24,4165.0,99960.0,-94441.2,-1711.3,UPC,Fishing Capital Co,1
MBV-3600,"The Vault | 3600, 3700, Spinnerbait, Crankbait & Jig/Chatterbait boxes - 3600",810103812420,4051.5,265,2420.0,641300.0,-637248.5,-15728.7,UPC,Weihai Runten Industrial Limited,1
BBL-GB,Death Rattle Lipless Crankbait - Gold Black,675162132519,2376.0,264,612.0,161568.0,-159192.0,-6700.0,UPC,Weihai Runten Industrial Limited,1
BBL-CS,Death Rattle Lipless Crankbait - Chrome Shad,675162132496,2356.16,262,612.0,160344.0,-157987.84,-6705.3,UPC,Weihai Runten Industrial Limited,1
DD-BASS,Dirty Dancer - Baby Bass,,2098.49,211,190.0,40090.0,-37991.51,-1810.4,exact_name,Weihai Runten Industrial Limited,1
DD-SEXY,Dirty Dancer - Sexy Shad,,2018.89,203,190.0,38570.0,-36551.11,-1810.5,exact_name,Weihai Runten Industrial Limited,1
DD-SHINER,Dirty Dancer - Silver Shiner,,2009.9,202,190.0,38380.0,-36370.1,-1809.5,exact_name,Weihai Runten Industrial Limited,1
DD-GOLD,Dirty Dancer - Golden Child,,2009.9,202,190.0,38380.0,-36370.1,-1809.5,exact_name,Weihai Runten Industrial Limited,1
DDF-BONE,Dirty Dancer - Bone,,1999.95,201,190.0,38190.0,-36190.05,-1809.5,exact_name,Weihai Runten Industrial Limited,1
TUF50T502,Ultimate Frog - Tan/Brown,,1961.49,151,6367.44,961483.44,-959521.95,-48918.0,exact_name,O Mustad & Sons,1
MM-67,Mad Max v3.0 - Chrome,810103810761,1860.57,184,216.0,39744.0,-37883.43,-2036.1,UPC,Weihai Runten Industrial Limited,1
LHS30C,Lew's Laser HS 5.1:1 Spinning Reel,,1709.55,45,900.0,40500.0,-38790.45,-2269.0,exact_name,A.N.E Wholesale,2
XS610MSA,Lew's Xfinity Spinning Rod - 1 Spinning Rod,,1660.3,27,1500.0,40500.0,-38839.7,-2339.3,fuzzy_name,A.N.E Wholesale,2
MM-11,Mad Max v3.0 - Bone,810103810082,1620.66,187,216.0,40392.0,-38771.34,-2392.3,UPC,Weihai Runten Industrial Limited,1
BBL-SS,Death Rattle Lipless Crankbait - Spooky Shad,675162132472,1592.01,177,612.0,108324.0,-106731.99,-6704.2,UPC,Weihai Runten Industrial Limited,1
AH70MHS,Lew's American Hero 7' MH Spinning Rod,,1587.0,23,1160.0,26680.0,-25093.0,-1581.2,exact_name,A.N.E Wholesale,1
AH66MS,"Lew's American Hero 6'6"" M Spinning Rod",,1539.78,22,1020.0,22440.0,-20900.22,-1357.4,exact_name,A.N.E Wholesale,1
HF-VDF,Hendrix Fishing Voodoo Frog - Limited Edition Colors,,1434.45,131,4120.0,539720.0,-538285.55,-37525.6,fuzzy_name,Hendrix Fishing Company,1
FJS-CM,Flak Jacket Rod Covers: Spinning & Casting - Spinning / Camo,810103812888,1332.21,135,241.25,32568.75,-31236.54,-2344.7,UPC,"SUZHOU TOPDIVE SPORTS PRODUCTS CO.,LTD",1
FJS-LG,Flak Jacket Rod Covers: Spinning & Casting - Spinning / Grey,810103812864,1276.65,129,241.25,31121.25,-29844.6,-2337.7,UPC,"SUZHOU TOPDIVE SPORTS PRODUCTS CO.,LTD",1
FJS-BK,Flak Jacket Rod Covers: Spinning & Casting - Spinning / Black,810103812857,1223.68,124,241.25,29915.0,-28691.32,-2344.7,UPC,"SUZHOU TOPDIVE SPORTS PRODUCTS CO.,LTD",1
I62-23,Incision 62 Lipless Crankbait - Crawlicious,810103812628,1216.0,152,462.0,70224.0,-69008.0,-5675.0,UPC,Weihai Runten Industrial Limited,1
kids-1225,Create A Bait - Kid's Fishing Kit: December 2025,,1202.95,59,225.0,13275.0,-12072.05,-1003.5,fuzzy_name,Weihai Runten Industrial Limited,8
FJS-RD,Flak Jacket Rod Covers: Spinning & Casting - Spinning / Red,810103812871,1199.35,121,241.25,29191.25,-27991.9,-2333.9,UPC,"SUZHOU TOPDIVE SPORTS PRODUCTS CO.,LTD",1
MM-54,Mad Max v3.0 - Sexy Cracks,810103810099,1191.75,134,216.0,28944.0,-27752.25,-2328.7,UPC,Weihai Runten Industrial Limited,1
GB-10,GRASSBURNER - Bluegill,810103812710,1152.0,64,1474.41,94362.24,-93210.24,-8091.2,UPC,Hoyo Fishing Tackle Co. Ltd.,1
LSBDW-LC-7-1,Mustad Arm Lock Double Willow Spinnerbait - Green & Chartreuse,,1118.86,149,896.69,133607.31,-132488.45,-11841.4,fuzzy_name,O Mustad & Sons,6
STICKER-RETRO,Retro Logo Sticker,,1068.0,534,232.0,123888.0,-122820.0,-11500.0,exact_name,"Guangdong Boyue Digital Application Technology Co.,Ltd",1
kids-0925,Create A Bait - Kid's Fishing Kit: September 2025,,1055.36,52,225.0,11700.0,-10644.64,-1008.6,fuzzy_name,Weihai Runten Industrial Limited,8
BBL-MS,Death Rattle Lipless Crankbait - Magic Shad,675162132489,1043.61,116,612.0,70992.0,-69948.39,-6702.5,UPC,Weihai Runten Industrial Limited,1
kids-0725,Create A Bait - Kid's Fishing Kit: July 2025,,1040.0,52,225.0,11700.0,-10660.0,-1025.0,fuzzy_name,Weihai Runten Industrial Limited,8
SB-35,SquareBanger - Ghost Shad,,967.6,116,163.8,19000.8,-18033.2,-1863.7,exact_name,Weihai Runten Industrial Limited,1
BBL-WS,Death Rattle Lipless Crankbait - Wild Shiner,675162132465,962.73,107,612.0,65484.0,-64521.27,-6701.9,UPC,Weihai Runten Industrial Limited,1
ALSBDW-CW-7-1,Mustad Arm Lock Double Willow Spinnerbait - Chartreuse & White,,961.59,122,896.69,109396.59,-108435.0,-11276.6,fuzzy_name,O Mustad & Sons,6
BMB-DS-2,Donkey Snacks - Green,810103811584,950.35,105,1027.2,107856.0,-106905.65,-11249.1,UPC,"Qingdao Mango Outdoors Co., Ltd.",1
SMX30XPT.BX3,Smoke X Pt 30 Sz Spinning Reel 8+1,32784640615,948.0,12,570.0,6840.0,-5892.0,-621.5,exact_name,Coastal Sports Distributors LLC,1
I62-10,Incision 62 Lipless Crankbait - Bluegill,810103812611,920.0,115,462.0,53130.0,-52210.0,-5675.0,UPC,Weihai Runten Industrial Limited,1
JSPECGC,Dynamic Lures J-Spec Jerkbait,,910.85,115,4950.0,569250.0,-568339.15,-62396.6,fuzzy_name,A.N.E Wholesale,1
BBL-BS,Death Rattle Lipless Crankbait - Blue Shiner,675162132502,899.76,100,612.0,61200.0,-60300.24,-6701.8,UPC,Weihai Runten Industrial Limited,1
kids-1025,Create A Bait - Kid's Fishing Kit: October 2025,,879.16,43,225.0,9675.0,-8795.84,-1000.5,fuzzy_name,Weihai Runten Industrial Limited,8
kids-1125,Create A Bait - Kid's Fishing Kit: November 2025,,875.28,44,225.0,9900.0,-9024.72,-1031.1,fuzzy_name,Weihai Runten Industrial Limited,8
kids-0825,Create A Bait - Kid's Fishing Kit: August 2025,,862.97,43,225.0,9675.0,-8812.03,-1021.1,fuzzy_name,Weihai Runten Industrial Limited,8
kids-1224,Create A Bait - Kid's Fishing Kit,,860.0,43,225.0,9675.0,-8815.0,-1025.0,fuzzy_name,Weihai Runten Industrial Limited,8
GB-14,GRASSBURNER - Black Chartreuse,810103812727,828.0,46,1477.95,67985.7,-67157.7,-8110.8,UPC,Hoyo Fishing Tackle Co. Ltd.,1
1642-010,Fatso Pig,,803.85,115,887.5,102062.5,-101258.65,-12596.7,fuzzy_name,GSM Outdoors,1
GB-76,GRASSBURNER - Chartreuse & White,810103812697,774.0,43,1474.41,63399.63,-62625.63,-8091.2,UPC,Hoyo Fishing Tackle Co. Ltd.,1
SB-54,SquareBanger - Sexy Cracks,,742.69,89,163.8,14578.2,-13835.51,-1862.9,exact_name,Weihai Runten Industrial Limited,1
SB-14,SquareBanger - Chartreuse Black Back,,695.76,84,163.8,13759.2,-13063.44,-1877.6,exact_name,Weihai Runten Industrial Limited,1
MBVJ-3700,The Vault - Jig & Bladed Jig Box,810103813090,673.75,26,937.5,24375.0,-23701.25,-3517.8,UPC,Weihai Runten Industrial Limited,1
Ragnar-11,Ragnar - Bone,,655.58,53,228.0,12084.0,-11428.42,-1743.3,exact_name,Weihai Runten Industrial Limited,1
MBVCB-3700,The Vault - Spinnerbait Box,,647.8,25,2475.0,61875.0,-61227.2,-9451.6,exact_name,Weihai Runten Industrial Limited,1
TMM-35,Money Maker - Ghost Shad,810103812758,639.0,71,440.0,31240.0,-30601.0,-4788.9,UPC,Weihai Runten Industrial Limited,1
STICKER-RDF,I'd Rather Be Fishing Sticker,,636.0,318,232.0,73776.0,-73140.0,-11500.0,exact_name,"Heyuan Boyue Color Printing Co.,Ltd",1
INDIANA-1,Hoosier Daddy - Chad Spawn,810103812666,616.0,77,1089.0,83853.0,-83237.0,-13512.5,UPC,Weihai Runten Industrial Limited,1
GB-59,GRASSBURNER - Shad,810103812680,612.0,34,1474.41,50129.94,-49517.94,-8091.2,UPC,Hoyo Fishing Tackle Co. Ltd.,1
MB-MCRANK-8-TSHAD,Seeker 8 - Threadfin Shad,656750686997,609.81,71,36.0,2556.0,-1946.19,-319.1,fuzzy_name,Weihai Runten Industrial Limited,1
BMB-DS-1,Donkey Snacks - White,810103811577,602.8,76,1027.2,78067.2,-77464.4,-12850.8,UPC,"Qingdao Mango Outdoors Co., Ltd.",1
799787440283,Loaded Dice - Root Beer,799787440283,597.54,46,1575.0,72450.0,-71852.46,-12024.7,UPC,3 Brothers Baits LLC,1
STICKER-KC,Keep Cranking Sticker,,590.0,295,262.0,77290.0,-76700.0,-13000.0,exact_name,"Heyuan Boyue Color Printing Co.,Ltd",2
BB1-HCCW,Balsa B Squarebill - Hot Claw Crawdad,,587.05,59,1050.0,61950.0,-61362.95,-10452.8,fuzzy_name,Northland Tackle,1
S6-8,Seeker 6 - Blue Craw,,577.42,70,163.8,11466.0,-10888.58,-1885.7,exact_name,Weihai Runten Industrial Limited,1
GB-11,GRASSBURNER - Bone,810103812673,576.0,32,1474.41,47181.12,-46605.12,-8091.2,UPC,Hoyo Fishing Tackle Co. Ltd.,1
SMX101HPT.BX2,Smoke X 100 Hpt LH Baitcast Reel 8+1,32784640554,574.94,6,198.0,1188.0,-613.06,-106.6,exact_name,Coastal Sports Distributors LLC,1
I62-22,Incision 62 Lipless Crankbait - Candy Apple Craw,810103812550,568.0,71,462.0,32802.0,-32234.0,-5675.0,UPC,Weihai Runten Industrial Limited,1
I62-7,Incision 62 Lipless Crankbait - Blue Chrome,810103812567,568.0,71,462.0,32802.0,-32234.0,-5675.0,UPC,Weihai Runten Industrial Limited,1
I62-54,Incision 62 Lipless Crankbait - Sexy Cracks,810103812598,568.0,71,462.0,32802.0,-32234.0,-5675.0,UPC,Weihai Runten Industrial Limited,1
I62-38,Incision 62 Lipless Crankbait - Gold Dust,810103812604,568.0,71,462.0,32802.0,-32234.0,-5675.0,UPC,Weihai Runten Industrial Limited,1
TMM-39,Money Maker - Green Gill,810103812734,558.0,62,440.0,27280.0,-26722.0,-4788.9,UPC,Weihai Runten Industrial Limited,1
BMB-DS-4,Donkey Snacks - Black,810103811607,541.65,66,1027.2,67795.2,-67253.55,-12416.4,UPC,"Qingdao Mango Outdoors Co., Ltd.",1
S6-43,Seeker 6 - Orange Julius,,541.42,56,163.8,9172.8,-8631.38,-1594.2,exact_name,Weihai Runten Industrial Limited,1
I62-35,Incision 62 Lipless Crankbait - Ghost Shad,810103812574,528.0,66,462.0,30492.0,-29964.0,-5675.0,UPC,Weihai Runten Industrial Limited,1
MB-MCRANK-8-CRAWLIC,Seeker 8 - Crawlicious,656750686966,524.21,60,36.0,2160.0,-1635.79,-312.0,fuzzy_name,Weihai Runten Industrial Limited,1
I62-70,Incision 62 Lipless Crankbait - Purple Haze,810103812581,520.0,65,462.0,30030.0,-29510.0,-5675.0,UPC,Weihai Runten Industrial Limited,1
SB-17,SquareBanger - Citrus Shad,,505.74,60,163.8,9828.0,-9322.26,-1843.3,exact_name,Weihai Runten Industrial Limited,1
TMM-63,Money Maker - Threadfin Shad,810103812772,504.0,56,440.0,24640.0,-24136.0,-4788.9,UPC,Weihai Runten Industrial Limited,1
799787440252,Loaded Dice - Green Pumpkin,799787440252,493.62,38,1575.0,59850.0,-59356.38,-12024.7,UPC,3 Brothers Baits LLC,1
GB-58,GRASSBURNER - Sleepover,810103812703,480.6,27,1474.41,39809.07,-39328.47,-8183.2,UPC,Hoyo Fishing Tackle Co. Ltd.,1
S6-10,Seeker 6 - Bluegill,,474.41,57,163.8,9336.6,-8862.19,-1868.0,exact_name,Weihai Runten Industrial Limited,1
S6-20,Seeker 6 - Cracked,,462.45,56,163.8,9172.8,-8710.35,-1883.5,exact_name,Weihai Runten Industrial Limited,1
TMM-56,Money Maker - Silver Shiner,810103812789,441.0,49,440.0,21560.0,-21119.0,-4788.9,UPC,Weihai Runten Industrial Limited,1
S12-25,Seeker 12 - Creeper Reaper,,435.88,53,163.8,8681.4,-8245.52,-1891.7,exact_name,Weihai Runten Industrial Limited,1
MB-MCRANK-8-BONE,Seeker 8 - Bone,656750687000,434.31,50,36.0,1800.0,-1365.69,-314.5,fuzzy_name,Weihai Runten Industrial Limited,1
S6-37,Seeker 6 - Ghost Shad,,431.52,53,163.8,8681.4,-8249.88,-1911.8,exact_name,Weihai Runten Industrial Limited,1
S12-50,Seeker 12 - Oneida Perch,,430.93,53,163.8,8681.4,-8250.47,-1914.6,exact_name,Weihai Runten Industrial Limited,1
S6-22,Seeker 6 - Candy Apple Craw,,428.47,52,163.8,8517.6,-8089.13,-1887.9,exact_name,Weihai Runten Industrial Limited,1
MB-MCRANK-8-BLACKOUT,Seeker 8 - Blackout,656750687017,416.82,48,36.0,1728.0,-1311.18,-314.6,fuzzy_name,Weihai Runten Industrial Limited,1
MB-MCRANK-8-GREENSEXY,Seeker 8 - Green Sexy,656750686980,416.82,48,36.0,1728.0,-1311.18,-314.6,fuzzy_name,Weihai Runten Industrial Limited,1
Ragnar-67,Ragnar - Chrome,,411.78,35,228.0,7980.0,-7568.22,-1837.9,exact_name,Weihai Runten Industrial Limited,1
BMB-DS-3,Donkey Snacks - Brown,810103811591,404.55,54,1027.2,55468.8,-55064.25,-13611.2,UPC,"Qingdao Mango Outdoors Co., Ltd.",1
INDIANA-10,Hoosier Daddy - Bluegill,810103812642,392.0,49,1089.0,53361.0,-52969.0,-13512.5,UPC,Weihai Runten Industrial Limited,1
INDIANA-2,Hoosier Daddy - White & Chartreuse,810103812635,384.0,48,1089.0,52272.0,-51888.0,-13512.5,UPC,Weihai Runten Industrial Limited,1
J110SP-29,Suspending Jerkbait - Natural Shad,,379.62,38,1455.0,55290.0,-54910.38,-14464.6,fuzzy_name,Ark Fishing International,4
TUF50T500,Ultimate Frog - Green/Yellow,,376.71,29,6367.44,184655.76,-184279.05,-48918.0,exact_name,O Mustad & Sons,1
TMM-37,Money Maker - Gizzard Shad,810103812765,369.0,41,440.0,18040.0,-17671.0,-4788.9,UPC,Weihai Runten Industrial Limited,1
TMM-34,Money Maker - Ghost Sexy Shad,810103812796,369.0,41,440.0,18040.0,-17671.0,-4788.9,UPC,Weihai Runten Industrial Limited,1
S6-9,Seeker 6 - Blue Sexy,,357.46,43,163.8,7043.4,-6685.94,-1870.4,exact_name,Weihai Runten Industrial Limited,1
781496803729,Ghillie Grub - GP Purple Gold,781496803729,342.68,52,1015.0,52780.0,-52437.32,-15302.1,UPC,3 Brothers Baits LLC,1
J110SP-66,Suspending Jerkbait - Pearl,,339.66,34,1455.0,49470.0,-49130.34,-14464.6,fuzzy_name,Ark Fishing International,4
S12-41,Seeker 12 - Jade Shad,,335.92,41,163.8,6715.8,-6379.88,-1899.2,exact_name,Weihai Runten Industrial Limited,1
Ragnar-58,Ragnar - Sleepover,,324.75,25,228.0,5700.0,-5375.25,-1655.2,exact_name,Weihai Runten Industrial Limited,1
TMM-42,Money Maker - Orange Julius,810103812802,315.0,35,440.0,15400.0,-15085.0,-4788.9,UPC,Weihai Runten Industrial Limited,1
Ragnar-26,Ragnar - Cylon,,311.76,24,228.0,5472.0,-5160.24,-1655.2,exact_name,Weihai Runten Industrial Limited,1
PLS30F,Quantum Pulse 30 Spinning Reel,,299.5,10,375.0,3750.0,-3450.5,-1152.1,exact_name,Coastal Sports Distributors LLC,1
SSS99-10,Slick Stick 99 Suspending - Bluegill,,297.76,35,235.2,8232.0,-7934.24,-2664.6,exact_name,Weihai Runten Industrial Limited,1
INDIANA-6,Hoosier Daddy - White,810103812659,296.0,37,1089.0,40293.0,-39997.0,-13512.5,UPC,Weihai Runten Industrial Limited,1
kids-0925-old,Create A Bait - Kid's Fishing Kit: September 2025 OLD,,289.9,14,225.0,3150.0,-2860.1,-986.6,fuzzy_name,Weihai Runten Industrial Limited,8
Ragnar-34,Ragnar - Ghost Sexy,,285.78,22,228.0,5016.0,-4730.22,-1655.2,exact_name,Weihai Runten Industrial Limited,1
S6-66,Seeker 6 - Snacks,,285.46,34,163.8,5569.2,-5283.74,-1851.0,exact_name,Weihai Runten Industrial Limited,1
S12-16,Seeker 12 - Chrome Threadfin,,283.88,34,163.8,5569.2,-5285.32,-1861.8,exact_name,Weihai Runten Industrial Limited,1
S6-6,Seeker 6 - Blue Chrome,,280.51,34,163.8,5569.2,-5288.69,-1885.4,exact_name,Weihai Runten Industrial Limited,1
SSS99-70,Slick Stick 99 Suspending Jerkbait - Purple Haze,,270.79,32,1455.0,46560.0,-46289.21,-17094.1,fuzzy_name,Ark Fishing International,4
TMM-23,Money Maker - Crawlicious,810103812741,270.0,30,440.0,13200.0,-12930.0,-4788.9,UPC,Weihai Runten Industrial Limited,1
GDT-6-WMR,"Dart 6"" - Watermelon Red Flake",,259.21,49,672.0,32928.0,-32668.79,-12603.2,exact_name,A.N.E Wholesale,1
MD-STICKER,MONSTER/BASS Sticker,,258.0,138,254.0,35052.0,-34794.0,-13486.0,fuzzy_name,"Heyuan Boyue Color Printing Co.,Ltd",2
S12-74,Seeker 12 - Citrus Shad,,252.87,30,163.8,4914.0,-4661.13,-1843.3,exact_name,Weihai Runten Industrial Limited,1
Ragnar-35,Ragnar - Ghost Shad,,249.82,20,228.0,4560.0,-4310.18,-1725.3,exact_name,Weihai Runten Industrial Limited,1
J110SP-15,Suspending Jerkbait - Pro Blue,,239.76,24,1455.0,34920.0,-34680.24,-14464.6,fuzzy_name,Ark Fishing International,4
Ragnar-56,Ragnar - Silver Shiner,,233.82,18,228.0,4104.0,-3870.18,-1655.2,exact_name,Weihai Runten Industrial Limited,1
SSS99-50,Slick Stick 99 Suspending Jerkbait - Oneida Perch,,229.8,27,1455.0,39285.0,-39055.2,-16995.3,fuzzy_name,Ark Fishing International,4
S8-8,Seeker 8 - Blue Craw,,216.91,26,163.8,4258.8,-4041.89,-1863.4,exact_name,Weihai Runten Industrial Limited,1
LL-1,Dive Master 8 - AYU,,215.76,24,372.0,8928.0,-8712.24,-4037.9,exact_name,Livingston Lures,1
S8-4,Seeker 8 - Blackout,,213.94,26,36.0,936.0,-722.06,-337.5,fuzzy_name,Weihai Runten Industrial Limited,1
LL-7,Howeller DMC Plus Spring Craw,,209.41,16,426.0,6816.0,-6606.59,-3154.9,fuzzy_name,Livingston Lures,1
799787440351,Loaded Dice - Warm Blue,799787440351,207.84,16,1314.0,21024.0,-20816.16,-10015.5,UPC,3 Brothers Baits LLC,2
sticker-fbass,Patriotic Bass,,188.0,94,630.0,59220.0,-59032.0,-31400.0,exact_name,"Heyuan Boyue Color Printing Co.,Ltd",1
SSS99-43,Slick Stick 99 Suspending Jerkbait - Orange Julius,,163.82,19,1455.0,27645.0,-27481.18,-16775.2,fuzzy_name,Ark Fishing International,4
MB-MCRANK-12-CREAPER,Seeker 12 - Creeper Reaper,656750687079,162.66,20,163.8,3276.0,-3113.34,-1914.0,exact_name,Weihai Runten Industrial Limited,1
MB-MCRANK-46-BGILL,Seeker 6 - Bluegill,656750686935,161.82,18,163.8,2948.4,-2786.58,-1722.0,exact_name,Weihai Runten Industrial Limited,1
SSS99-64,Slick Stick 99 Suspending - Wakasagi,,160.8,18,235.2,4233.6,-4072.8,-2532.8,exact_name,Weihai Runten Industrial Limited,1
MB-MCRANK-12-JSHAD,Seeker 12 - Jade Shad,656750687031,160.51,21,163.8,3439.8,-3279.29,-2043.0,exact_name,Weihai Runten Industrial Limited,1
MLF-222,6th Sense Hyperjerk,,156.79,22,55.0,1210.0,-1053.21,-671.7,fuzzy_name,Major League Fishing,1
S8-11,Seeker 8 - Bone,,155.88,18,36.0,648.0,-492.12,-315.7,fuzzy_name,Weihai Runten Industrial Limited,1
SSS99-32,Slick Stick 99 Suspending Jerkbait - Ghost Pro Blue,,155.85,18,1455.0,26190.0,-26034.15,-16704.6,fuzzy_name,Ark Fishing International,4
S8-14,Seeker 8 - Charteuse Black Back,,143.92,17,36.0,612.0,-468.08,-325.2,fuzzy_name,Weihai Runten Industrial Limited,1
MB-MCRANK-46-BLUESEXY,Seeker 6 - Blue Sexy,656750686928,143.84,16,163.8,2620.8,-2476.96,-1722.0,exact_name,Weihai Runten Industrial Limited,1
LL-32,Walking Boss - Brown Hitch,,142.89,11,363.0,3993.0,-3850.11,-2694.5,exact_name,Livingston Lures,1
J110SP-58,Suspending Jerkbait - Skeleton,,139.86,14,1455.0,20370.0,-20230.14,-14464.6,fuzzy_name,Ark Fishing International,4
S8-63,Seeker 8 - Threadfin Shad,,134.93,16,36.0,576.0,-441.07,-326.9,fuzzy_name,Weihai Runten Industrial Limited,1
S8-37,Seeker 8 - Ghost Shad,,129.9,15,163.8,2457.0,-2327.1,-1791.5,exact_name,Weihai Runten Industrial Limited,1
799787440352,Loaded Dice - Sexy,799787440352,129.9,10,1053.0,10530.0,-10400.1,-8006.2,exact_name,3 Brothers Baits LLC,1
HERC4-259,"Herculez 4""",,129.87,13,1248.75,16233.75,-16103.88,-12400.0,fuzzy_name,"Z-Man Fishing Products, Inc.",1
S8-10,Seeker 8 - Bluegill,,127.92,15,163.8,2457.0,-2329.08,-1820.7,exact_name,Weihai Runten Industrial Limited,1
OM-STICKER,Orange M Sticker,,126.0,63,254.0,16002.0,-15876.0,-12600.0,fuzzy_name,"Heyuan Boyue Color Printing Co.,Ltd",2
MB-MCRANK-12-CBLB,Seeker 12 - Chartreuse Blue Back,656750687024,124.88,14,163.8,2293.2,-2168.32,-1736.3,exact_name,Weihai Runten Industrial Limited,1
S8-6,Seeker 8 - Blue Chrome,,123.96,15,163.8,2457.0,-2333.04,-1882.1,exact_name,Weihai Runten Industrial Limited,1
SSS99-35,Slick Stick 99 Suspending - Ghost Shad,,121.84,14,235.2,3292.8,-3170.96,-2602.6,exact_name,Weihai Runten Industrial Limited,1
SSS99-41,Slick Stick 99 Suspending - Jade Shad,,117.8,13,235.2,3057.6,-2939.8,-2495.6,exact_name,Weihai Runten Industrial Limited,1
S8-40,Seeker 8 - Green Sexy,,115.88,13,36.0,468.0,-352.12,-303.9,fuzzy_name,Weihai Runten Industrial Limited,1
MB-MCRANK-12-CTSHAD,Seeker 12 - Chrome Threadfin Shad,656750687055,107.88,12,163.8,1965.6,-1857.72,-1722.0,fuzzy_name,Weihai Runten Industrial Limited,1
MB-MCRANK-12-PERCH,Seeker 12 - Oneida Perch,656750687048,107.88,12,163.8,1965.6,-1857.72,-1722.0,exact_name,Weihai Runten Industrial Limited,1
MBCF35-DBLO,Craw Father,,89.11,19,1140.48,21669.12,-21580.01,-24217.3,fuzzy_name,A.N.E Wholesale,1
S12-22,Seeker 12 - Candy Apple Craw,,88.91,10,163.8,1638.0,-1549.09,-1742.3,exact_name,Weihai Runten Industrial Limited,1
S8-9,Seeker 8 - Blue Sexy,,84.95,10,163.8,1638.0,-1553.05,-1828.2,exact_name,Weihai Runten Industrial Limited,1
STICKER-FIRE,Firey Bass Sticker,,84.0,42,292.0,12264.0,-12180.0,-14500.0,exact_name,"Guangdong Boyue Digital Application Technology Co.,Ltd",1
799787440115,Loaded Dice - Albino,799787440115,77.94,6,1323.0,7938.0,-7860.06,-10084.8,UPC,3 Brothers Baits LLC,1
STICKER-BFS,Bigfoot Sticker,,74.0,37,292.0,10804.0,-10730.0,-14500.0,exact_name,"Heyuan Boyue Color Printing Co.,Ltd",1
STICKER-WTF,Where's The Fish Sticker,,72.0,36,248.0,8928.0,-8856.0,-12300.0,exact_name,"Heyuan Boyue Color Printing Co.,Ltd",1
LL-27,Livingston Lures Walk N Pop 77 - Red Rum,,67.54,6,306.0,1836.0,-1768.46,-2618.4,fuzzy_name,Livingston Lures,1
MBMDC-BLKN,Mini D Chunk,,65.66,14,1267.2,17740.8,-17675.14,-26919.2,fuzzy_name,A.N.E Wholesale,1
HAMMER-6,MONSTERBASS The Hammer | Colorado Spinnerbait - White w/ Colorado Gold,810103811607,64.0,8,1027.2,8217.6,-8153.6,-12740.0,UPC,"Qingdao Mango Outdoors Co., Ltd.",1
S8-23,Seeker 8 - Crawlicious,,61.94,7,36.0,252.0,-190.06,-306.8,fuzzy_name,Weihai Runten Industrial Limited,1
STICKER-BK,Bucket King Sticker,,60.0,30,248.0,7440.0,-7380.0,-12300.0,exact_name,"Guangdong Boyue Digital Application Technology Co.,Ltd",1
kids-0625,Create A Bait - Kid's Fishing Kit: June 2025,,60.0,3,225.0,675.0,-615.0,-1025.0,fuzzy_name,Weihai Runten Industrial Limited,8
CB-3,Create A Bait - Mad Max blank,,57.92,10,225.0,2250.0,-2192.08,-3784.7,fuzzy_name,Weihai Runten Industrial Limited,8
LL-20,School Master - Black Back Chrome Shad,,55.96,4,270.0,1080.0,-1024.04,-1829.9,exact_name,Livingston Lures,1
LL-18,Pro Ripper - Blue Pearl,,54.95,5,351.0,1755.0,-1700.05,-3093.8,exact_name,Livingston Lures,1
S8-20,Seeker 8 - Cracked,,52.95,6,163.8,982.8,-929.85,-1756.1,exact_name,Weihai Runten Industrial Limited,1
LL-12,JerkMaster 121 - Pro Green,,51.96,4,216.0,864.0,-812.04,-1562.8,exact_name,Livingston Lures,1
CB-7,Create A Bait - Patriot Blank,,45.94,8,225.0,1800.0,-1754.06,-3818.2,fuzzy_name,Weihai Runten Industrial Limited,8
STICKER-RF,Robo Fish Sticker,,44.0,22,248.0,5456.0,-5412.0,-12300.0,exact_name,"Heyuan Boyue Color Printing Co.,Ltd",1
LL-4,FlatMaster - Citrus Sparkle,,43.96,4,423.0,1692.0,-1648.04,-3749.0,exact_name,Livingston Lures,1
S8-22,Seeker 8 - Candy Apple Craw,,43.96,5,163.8,819.0,-775.04,-1763.1,exact_name,Weihai Runten Industrial Limited,1
LL-9,JerkMaster 121 - Black Back Chrome Shad,,38.97,3,735.0,2205.0,-2166.03,-5558.2,exact_name,Livingston Lures,1
CB-8,Create A Bait - Squarebanger Blank,,38.96,7,225.0,1575.0,-1536.04,-3942.6,fuzzy_name,Weihai Runten Industrial Limited,8
ALSBDW-WAK-7-1,Mustad Arm Lock Double Willow Spinnerbait - Wakasagi,,37.96,4,896.69,3586.77,-3548.81,-9348.8,fuzzy_name,O Mustad & Sons,6
LL-3,FlatMaster - Chartreuse Splatter Shad,,32.97,3,783.0,2349.0,-2316.03,-7024.7,exact_name,Livingston Lures,1
LL-2,DiveMaster Jr. - Black Back Chrome Shad,,32.97,3,1650.0,4950.0,-4917.03,-14913.6,exact_name,Livingston Lures,1
MB-STICKER-SNAGGLEFISH,Snagglefish,,32.0,16,290.4,4646.4,-4614.4,-14420.0,fuzzy_name,"Heyuan Boyue Color Printing Co.,Ltd",2
CB-5,Create A Bait - Flatline Blank,,31.98,6,225.0,1350.0,-1318.02,-4121.4,fuzzy_name,Weihai Runten Industrial Limited,8
T20574,Rebel Poppin Minnow - Blue Candy,20554072537,31.96,4,351.0,1404.0,-1372.04,-4293.0,fuzzy_name,Pradco Outdoors Brands,3
BMLARDXLMG,Liz-ARD XL - Memphis Green,,30.18,6,231.25,1387.5,-1357.32,-4497.4,exact_name,Monster Fish Outdoors,1
BB1-CRCW,Balsa B - Crusty Crawdad,,29.85,3,1050.0,3150.0,-3120.15,-10452.8,fuzzy_name,Northland Tackle,1
STICKER-SKEL,Wavy Days Sticker,,28.0,14,292.0,4088.0,-4060.0,-14500.0,exact_name,"Heyuan Boyue Color Printing Co.,Ltd",1
ALSBDW-BO-7-1,Mustad Arm Lock Double Willow Spinnerbait - Black & Orange,,27.98,4,896.69,3586.77,-3558.79,-12719.1,fuzzy_name,O Mustad & Sons,6
1670-550,Rattlesnake'O,,27.96,4,954.72,3818.88,-3790.92,-13558.4,fuzzy_name,GSM Outdoors,1
CB-1,Create A Bait - Slick Stick 99 Blank,,26.98,5,225.0,1125.0,-1098.02,-4069.8,fuzzy_name,Weihai Runten Industrial Limited,8
B8-HH,Heavy Hitt'R,,26.97,3,4275.0,12825.0,-12798.03,-47452.8,fuzzy_name,B8Lab,1
LL-11,JerkMaster 121 - Gold Digger,,25.98,2,597.0,1194.0,-1168.02,-4495.8,exact_name,Livingston Lures,1
KIDS-PAINT,Create a Bait Paint Set,,24.95,5,100.0,500.0,-475.05,-1904.0,exact_name,"Yiwu Tengyuan Painting Materials Co., Ltd.",1
112LN-BK-OP,Richardson 112LN Ice Grey w/ Orange MONSTERBASS patch - Black w/ Orange,,24.95,1,262.8,262.8,-237.85,-953.3,fuzzy_name,ATS Printing,1
112OPCO-RT-OP,Richardson 112PCO Realtree w/ Orange MONSTERBASS patch - Realtree w/ Orange,,24.95,1,238.8,238.8,-213.85,-857.1,fuzzy_name,ATS Printing,1
BMLARDXLTM,Liz-ARD XL - The Meeting,,24.59,5,211.25,1056.25,-1031.66,-4195.4,exact_name,Monster Fish Outdoors,1
T2000S,Rebel Poppin Minnow - Bone,20554013431,23.97,3,351.0,1053.0,-1029.03,-4293.0,fuzzy_name,Pradco Outdoors Brands,3
T20562,Rebel Poppin Minnow - Chrome Silver,20554071967,23.97,3,351.0,1053.0,-1029.03,-4293.0,fuzzy_name,Pradco Outdoors Brands,3
LL-31,Livingston Lures Walk N Pop 77 - Money Clown,,23.78,2,426.0,852.0,-828.22,-3482.8,fuzzy_name,Livingston Lures,1
MBQ45-WRC,Quiver 4.5 Watermelon Red Core,,23.45,5,760.32,3801.6,-3778.15,-16111.5,exact_name,A.N.E Wholesale,1
BMBB-AC,Brawler Bug 3.5 - Alabama Craw,,22.36,4,133.75,535.0,-512.64,-2292.7,exact_name,Monster Fish Outdoors,1
BMLARDRLTM,Liz-ARD RL - The Meeting,,22.36,4,103.75,415.0,-392.64,-1756.0,exact_name,Monster Fish Outdoors,1
LL-19,Pro Ripper - Threadfin Shad,,21.98,2,222.0,444.0,-422.02,-1920.0,exact_name,Livingston Lures,1
CB-2,Create A Bait - Little Banger Blank,,21.98,4,225.0,900.0,-878.02,-3994.6,fuzzy_name,Weihai Runten Industrial Limited,8
LL-30,Livingston Lures Walk N Pop 77 - Gold Digger,,20.78,2,423.0,846.0,-825.22,-3971.2,fuzzy_name,Livingston Lures,1
ShallowSB-misc,Shallow Sunny B Misc,,19.9,2,609.29,1218.57,-1198.67,-6023.5,fuzzy_name,Northland Tackle,14
LL-23,School Master - Brown Craw,,17.99,1,372.0,372.0,-354.01,-1967.8,exact_name,Livingston Lures,1
LL-21,School Master - Blue Back Chrome Shad,,17.99,1,282.0,282.0,-264.01,-1467.5,exact_name,Livingston Lures,1
BMLARDRLTM$,Liz-ARD RL - Tennessee Money,,16.77,3,81.25,243.75,-226.98,-1353.5,exact_name,Monster Fish Outdoors,1
H-Black,Hellgrammite - Black,,16.0,4,74.2,296.8,-280.8,-1755.0,exact_name,EuroTackle,1
MB-BAITBAG-TPU,New MONSTERBASS Bait Bags,,15.98,2,7643.0,15286.0,-15270.02,-95557.1,exact_name,"Jinhua Jiafu Trade Co., Ltd.",1
CB-4,Create A Bait - Vicious Trapper Blank,,15.0,3,225.0,675.0,-660.0,-4400.0,fuzzy_name,Weihai Runten Industrial Limited,8
MBQ65-GPF,Quiver 6.5,,14.07,3,950.4,2851.2,-2837.13,-20164.4,fuzzy_name,A.N.E Wholesale,1
MBNB325-OGPC,Ned Bomb Orange Green Pumpkin Core,,14.07,3,760.32,2280.96,-2266.89,-16111.5,exact_name,A.N.E Wholesale,1
BMLARDXLGD,Liz-ARD XL - Goldman Duster,,13.41,3,238.75,716.25,-702.84,-5241.2,exact_name,Monster Fish Outdoors,1
784196803712,Ghillie grub - GP Purple,784196803712,13.18,2,1015.0,2030.0,-2016.82,-15302.1,UPC,3 Brothers Baits LLC,1
LL-29,Livingston Lures Walk N Pop 77 - Goby,,12.99,1,546.0,546.0,-533.01,-4103.2,fuzzy_name,Livingston Lures,1
LL-10,JerkMaster 121 - Brown Hitch,,12.99,1,87.0,87.0,-74.01,-569.7,exact_name,Livingston Lures,1
H-Brown,Hellgrammite - Brown,,12.0,3,74.2,222.6,-210.6,-1755.0,exact_name,EuroTackle,1
BMBB-BB,Brawler Bug 3.5 - Bottom Blue,,11.18,2,140.0,280.0,-268.82,-2404.5,exact_name,Monster Fish Outdoors,1
BMLARDRLGD,Liz-ARD RL - Goldman Duster,,11.18,2,131.25,262.5,-251.32,-2247.9,exact_name,Monster Fish Outdoors,1
BMBWC-RFM,Baby Swiss Chunk - Red Flake Magic,,11.18,2,147.5,295.0,-283.82,-2538.6,exact_name,Monster Fish Outdoors,1
RCC-BBG,RC Craw - Black Blue Glitter,,10.77,3,693.9,2081.7,-2070.93,-19228.7,fuzzy_name,V&M,5
RCC-WR,RC Craw - Watermelon Red,,10.77,3,693.9,2081.7,-2070.93,-19228.7,fuzzy_name,V&M,5
CB-6,Create A Bait - Seeker 6 Blank,,10.0,2,225.0,450.0,-440.0,-4400.0,fuzzy_name,Weihai Runten Industrial Limited,8
A-Bluegill,Anisoptera - Bluegill Pro,,8.0,2,74.2,148.4,-140.4,-1755.0,exact_name,EuroTackle,1
T20573,Rebel Poppin Minnow - Moon Spot,20554072520,7.99,1,351.0,351.0,-343.01,-4293.0,fuzzy_name,Pradco Outdoors Brands,3
BMLARDXLTM$,Liz-ARD XL - Tennessee Money,,7.82,2,261.25,522.5,-514.68,-6581.6,exact_name,Monster Fish Outdoors,1
RCC-OC,RC Craw - Okeechobee Craw,,7.18,2,693.9,1387.8,-1380.62,-19228.7,fuzzy_name,V&M,5
BGBS390-18,Baby Shad,,7.0,2,123.0,246.0,-239.0,-3414.3,fuzzy_name,Pradco Outdoors Brands,1
784196805082,Ghillie grub - Green Pumpkin,784196805082,6.59,1,1015.0,1015.0,-1008.41,-15302.1,UPC,3 Brothers Baits LLC,1
784196806553,Ghillie grub - Black Blue,784196806553,6.59,1,1015.0,1015.0,-1008.41,-15302.1,UPC,3 Brothers Baits LLC,1
725414386389,Ghillie grub - Kiwi Skin,725414386389,6.59,1,1015.0,1015.0,-1008.41,-15302.1,UPC,3 Brothers Baits LLC,1
BMBSW-M,Shooter Worm - Merthiolate,,5.59,1,257.5,257.5,-251.91,-4506.4,exact_name,Monster Fish Outdoors,2
BMSC-AC,Shooter Craw - Alabama Craw,,5.59,1,161.25,161.25,-155.66,-2784.6,exact_name,Monster Fish Outdoors,2
BMBSW-PM,Shooter Worm - Plum Magic,,5.59,1,220.0,220.0,-214.41,-3835.6,exact_name,Monster Fish Outdoors,2
BMBMB-PM,BM Bug - Plum Magic,,5.59,1,230.0,230.0,-224.41,-4014.5,exact_name,Monster Fish Outdoors,1
BMBWC-TG,Baby Swiss Chunk - Tilapia Gold,,5.59,1,258.75,258.75,-253.16,-4528.8,exact_name,Monster Fish Outdoors,1
BMLARDRLGL,Liz-ARD RL - Green Lizzer,,5.59,1,103.75,103.75,-98.16,-1756.0,exact_name,Monster Fish Outdoors,1
10405,Punisher,,5.0,1,523.0,523.0,-518.0,-10360.0,fuzzy_name,VRX Fishing Products,1
FA-DarkRage,Fat Asassin - Dark Rage,,4.0,1,74.2,74.2,-70.2,-1755.0,exact_name,EuroTackle,1
FA-GreenPumpkin,Fat Asassin - Green Pumpkin,,4.0,1,74.2,74.2,-70.2,-1755.0,exact_name,EuroTackle,1
A-Brown,Anisoptera - Brown,,4.0,1,74.2,74.2,-70.2,-1755.0,exact_name,EuroTackle,1
